AccountAddress,FK_Account_ID
1413 Hooker Park,207
8520 Kensington Circle,228
238 Dovetail Court,146
8897 Warner Center,21
001 Talmadge Plaza,142
1674 Schlimgen Place,173
20632 Namekagon Street,47
348 Dennis Court,116
2 Stoughton Avenue,210
93 Kensington Hill,174
9864 Fuller Lane,244
62 Melody Road,289
728 Haas Court,164
33376 Anderson Trail,47
8705 Truax Point,249
88 7th Avenue,272
10 Village Green Way,283
1 Mifflin Point,287
45 Clemons Trail,64
2558 Cascade Alley,68
2 Sheridan Circle,26
9 Service Parkway,41
5 Debra Circle,126
43178 Moulton Place,81
896 Hallows Lane,115
45979 Katie Pass,161
08 Mayfield Trail,222
7536 Farmco Trail,133
89442 Acker Crossing,175
99 Huxley Place,148
7 Redwing Avenue,28
91 Lunder Point,75
68495 Prentice Pass,65
5 Forster Court,183
964 Golf View Drive,42
2863 Buena Vista Terrace,281
66899 Goodland Trail,11
4718 Schlimgen Lane,84
322 Saint Paul Hill,133
645 Manley Terrace,41
7315 Mockingbird Point,113
09274 Warrior Circle,283
4342 David Pass,185
2047 Fair Oaks Park,80
00 Ridgeview Drive,8
0 Debs Circle,280
7 Green Ridge Plaza,124
73 Ridgeway Road,124
8 Mayfield Way,160
1167 Heath Alley,284
72 Utah Place,58
5 Victoria Hill,37
55 Blue Bill Park Drive,18
982 Erie Point,70
33788 Corry Alley,40
8692 Reinke Road,95
313 West Way,158
3964 Northwestern Street,240
0668 Susan Avenue,184
53804 Monica Court,217
7773 Schiller Drive,34
8553 Graedel Way,202
45433 Mallard Circle,196
67 Jay Point,100
0 Fremont Avenue,258
6176 Browning Center,110
26 Troy Avenue,186
723 Dapin Crossing,51
79236 Mifflin Center,190
7 East Avenue,135
62469 Mallory Parkway,80
905 Bashford Center,198
9 Lakewood Crossing,39
2618 Buell Terrace,106
67292 Coleman Pass,276
0 Ilene Point,70
97448 Shasta Avenue,221
8023 Shopko Plaza,299
854 Kipling Road,184
3939 Jackson Way,204
3 Luster Alley,297
852 7th Center,30
1430 Kim Avenue,190
0 Old Gate Hill,132
68771 Mesta Way,230
193 Waxwing Terrace,15
40025 Division Park,97
5 Grasskamp Circle,27
8 East Court,79
179 Sutteridge Junction,29
667 Sloan Way,244
56400 Daystar Point,22
0 Northview Pass,124
79051 Fair Oaks Place,49
44272 Dryden Way,107
37 Laurel Park,300
2 Parkside Place,279
22684 Spaight Court,9
60967 Memorial Lane,279
217 Alpine Road,273
08177 Rieder Pass,231
812 Starling Lane,49
4 Bunting Road,287
93344 Thompson Drive,223
6 Bay Park,134
52957 Sherman Terrace,218
4 3rd Alley,62
97 Hallows Center,97
2 Pankratz Center,44
7962 Anzinger Park,81
086 4th Circle,232
30 Granby Court,146
665 Lillian Junction,122
4 Donald Lane,207
56 Del Sol Drive,19
56 Mandrake Drive,53
4 Emmet Park,64
913 Reindahl Avenue,101
14469 North Drive,78
75 Quincy Circle,218
365 Fordem Hill,265
8226 Barby Terrace,214
17 Hintze Lane,269
0 Spenser Terrace,66
977 Lotheville Court,82
38 Knutson Crossing,84
59 Fisk Alley,122
4 Oneill Court,220
51040 Montana Lane,50
5119 Miller Parkway,133
5 Daystar Place,85
33 Hauk Avenue,219
7 Lakewood Trail,101
9 Coolidge Point,48
013 Commercial Circle,283
5014 Schurz Trail,119
381 Vernon Junction,297
3 Fair Oaks Alley,28
607 Sycamore Park,176
1746 Mcbride Lane,21
0939 Pierstorff Junction,284
71244 Steensland Crossing,163
573 Northland Park,85
69515 South Road,22
25310 Portage Junction,290
42746 Messerschmidt Way,285
6 Lakewood Gardens Alley,184
0143 Steensland Drive,272
2 Twin Pines Hill,272
4141 Stoughton Street,187
365 Monica Center,70
68771 Almo Court,280
5882 Spohn Crossing,195
6 Debs Park,243
3435 Elmside Junction,232
98340 Welch Parkway,252
8 Mallard Park,248
0091 Clemons Trail,106
5 Loeprich Avenue,237
20 Northview Avenue,195
2 Calypso Road,38
72301 Superior Alley,156
33 Kenwood Drive,28
9 Westport Terrace,72
8164 Northridge Park,204
56337 Nova Road,44
2 Badeau Plaza,92
0979 Clarendon Avenue,206
39788 Arrowood Place,177
5179 Oneill Road,10
2 Vermont Court,145
32948 Dapin Alley,97
158 Lunder Trail,108
03 Declaration Drive,96
17588 Lakeland Court,90
8109 4th Court,200
4414 Eagan Drive,275
4622 Moland Street,208
636 Kensington Point,203
48852 Knutson Junction,282
5456 Stephen Plaza,41
3603 Maple Pass,15
757 Emmet Pass,238
4 High Crossing Road,44
832 Ridge Oak Place,263
02725 Rowland Street,115
8780 Center Plaza,234
9 Lyons Hill,298
6 Monterey Terrace,255
86 Londonderry Road,265
72 Springview Place,154
0 Southridge Pass,81
642 Pine View Plaza,83
26699 Gerald Plaza,158
33238 Chinook Way,136
8913 Warrior Avenue,211
8 Continental Park,43
20 Tennyson Drive,42
81673 Sundown Park,195
4277 Transport Trail,56
16 Old Shore Court,44
2 Lunder Court,14
723 Annamark Crossing,50
816 Grover Plaza,54
66968 Nancy Place,145
3 Basil Parkway,12
21 Cottonwood Parkway,208
18450 Lindbergh Avenue,220
39813 Arkansas Crossing,168
0 Eagan Alley,111
659 Stoughton Way,300
46371 Kipling Junction,161
5 Summit Circle,239
4 Cottonwood Plaza,180
7439 High Crossing Parkway,286
73415 Reindahl Point,239
2528 Brentwood Junction,284
950 Kennedy Terrace,93
93 Anthes Alley,285
715 Grasskamp Place,22
332 Melrose Road,12
59 Oakridge Road,169
1 Parkside Court,176
72638 Spaight Hill,14
0776 Harper Place,58
75 Randy Trail,189
8966 Monterey Drive,91
50294 Sycamore Place,289
52926 Dennis Way,195
5 Linden Way,58
7863 Clyde Gallagher Road,16
6612 Riverside Parkway,49
061 Cambridge Court,27
9536 Moose Hill,46
350 Holmberg Plaza,185
885 Dryden Road,175
03 American Ash Street,268
3 Dwight Plaza,264
840 Bay Road,90
9170 Helena Lane,222
9 Spohn Center,78
63204 Dexter Center,279
86 Bluestem Lane,160
3657 Northfield Street,217
3 Bunting Court,22
49311 Harper Way,265
8326 Barnett Avenue,80
86 Sherman Drive,239
5577 Marcy Street,147
010 Mitchell Way,267
175 Londonderry Parkway,185
9396 Schurz Trail,29
1 Continental Junction,43
0 Kropf Pass,240
03263 American Plaza,72
2814 Porter Street,183
65781 Manitowish Court,86
42 Holy Cross Road,157
88 Hagan Place,141
5095 Browning Court,15
5 Thierer Parkway,272
0735 Boyd Park,221
40 Sunbrook Circle,149
76 Ilene Avenue,215
14 Coolidge Avenue,213
8 Rowland Alley,165
582 Grim Park,260
98 Fuller Center,173
8 Shopko Place,149
1 Shoshone Alley,103
9 Ohio Circle,173
33890 Karstens Park,128
3 Merrick Court,12
1 Dixon Trail,86
89758 Main Lane,79
1 Schlimgen Center,270
38 Grayhawk Alley,241
238 Delladonna Circle,266
63717 Northland Crossing,209
1744 Carberry Way,280
0 Ramsey Place,63
292 Vernon Center,119
8486 Hoffman Trail,187
26 Hansons Terrace,139
31374 Old Gate Court,76
57 Hanover Point,42
9127 Lawn Junction,35
0 Onsgard Hill,294
89333 Dovetail Center,129
0 Florence Center,26
5 Vidon Circle,132
22 Rigney Trail,163
77 Lotheville Alley,273
9648 Corry Trail,255
15 Vahlen Park,114
56 Holy Cross Way,110
01315 Bonner Trail,14
90 Harper Hill,9
54742 Tony Plaza,181
8 Tennessee Crossing,149
8228 Nelson Terrace,217
33995 Prentice Parkway,287
22718 Debs Park,273
34 Knutson Plaza,149
6119 Algoma Point,239
919 Merrick Point,189
88679 Bultman Street,98
5178 Warrior Terrace,61
80600 Bobwhite Parkway,226
123 Miller Way,72
123 Buena Vista Terrace,81
47 Continental Junction,34
6622 Jay Trail,151
26 Hollow Ridge Lane,18
37 Bowman Street,86
5458 Anthes Parkway,224
12672 Jenna Point,283
2 Messerschmidt Plaza,211
99 Muir Way,257
6 Darwin Court,172
59383 International Trail,7
723 Carioca Circle,138
4 Hagan Trail,278
96619 Mendota Point,169
905 Mitchell Court,222
9632 Colorado Court,260
6912 Raven Hill,159
46 Colorado Circle,236
0142 5th Circle,202
39 Tennyson Terrace,230
26 Namekagon Park,179
1105 Manufacturers Street,296
938 Dovetail Court,152
5 Briar Crest Drive,210
1660 Farragut Pass,182
059 Pawling Junction,274
720 Alpine Lane,69
39 Mallard Alley,19
41 Kennedy Trail,1
1054 Sundown Street,182
87158 Longview Circle,148
69 Sullivan Drive,84
163 Bartillon Road,63
071 Carpenter Park,50
62 Pankratz Plaza,247
4 Thierer Trail,285
5 Ruskin Hill,204
01581 Prairie Rose Center,108
2 Novick Plaza,127
56672 Rutledge Hill,58
3027 Nova Street,290
7516 Arapahoe Hill,274
131 Pankratz Avenue,235
9796 South Street,236
3927 Boyd Lane,13
266 Bartillon Crossing,202
2592 La Follette Drive,25
0227 Towne Street,68
6 Melvin Hill,15
85 Dixon Terrace,109
667 Mosinee Circle,62
65488 Gulseth Avenue,71
8028 Cherokee Court,57
46140 Delladonna Terrace,260
6157 John Wall Alley,188
698 Delladonna Lane,178
4440 Anzinger Drive,22
295 Division Circle,18
21405 Morning Hill,102
03556 Sullivan Drive,292
1535 Kenwood Parkway,300
428 Carberry Place,299
746 Buell Pass,38
7594 Crest Line Trail,26
0 Russell Circle,155
94 Thierer Street,57
95796 Magdeline Drive,18
13 Schmedeman Plaza,223
9 Bashford Crossing,22
3640 Schlimgen Hill,142
8 Charing Cross Alley,249
557 Moose Center,9
70302 Lukken Plaza,171
0 Armistice Trail,37
935 Dennis Point,196
081 Katie Crossing,112
3 Kropf Point,155
9 Old Shore Point,290
5 East Court,224
88 Red Cloud Lane,76
71 Moose Drive,267
960 Amoth Lane,1
99 Holy Cross Pass,45
036 Fremont Hill,155
2 Schiller Street,144
24 Birchwood Road,226
03690 Clarendon Point,295
22376 Vidon Way,122
699 Glacier Hill Circle,255
881 Browning Crossing,144
90693 Boyd Junction,160
6377 Everett Avenue,279
06 Kipling Lane,56
7 Gale Alley,45
671 Mendota Way,214
431 Lakeland Plaza,115
79 Stephen Avenue,187
51947 Anthes Place,134
3 Shasta Lane,58
07828 Coolidge Junction,287
3124 Annamark Circle,106
42 Roth Park,53
390 Mockingbird Drive,216
82563 Clyde Gallagher Plaza,245
435 West Street,284
2 Delaware Hill,22
115 Elka Alley,186
0 Cardinal Avenue,119
67 Donald Center,261
63653 Tony Street,163
43596 Golf Alley,224
70 Comanche Center,18
061 Johnson Circle,111
616 Evergreen Street,128
35 Bluejay Plaza,139
8704 Red Cloud Alley,124
0 Shopko Plaza,286
877 Sugar Place,249
4 Annamark Avenue,155
48518 Butterfield Hill,103
6397 Jenifer Hill,249
10 Heffernan Way,184
966 Lakeland Terrace,202
8 Portage Junction,26
2787 Sullivan Court,89
8 Dayton Lane,264
46663 Lukken Court,183
2 Dorton Park,151
4 Sundown Hill,245
2105 Sage Crossing,234
7 Algoma Alley,59
8 Calypso Place,105
5 Onsgard Plaza,211
09225 Schiller Alley,105
0619 Pearson Park,245
698 Aberg Road,167
32236 Express Plaza,8
8550 Ryan Avenue,117
5472 Acker Avenue,81
57 Red Cloud Hill,267
0 Lighthouse Bay Parkway,65
3 Trailsway Park,258
24 7th Road,73
0 Carpenter Junction,21
0566 Pankratz Terrace,85
01796 Menomonie Center,95
5616 Grover Way,126
0063 Tomscot Alley,265
7917 Northridge Terrace,26
804 Schlimgen Way,286
80 Lawn Parkway,98
30256 Nobel Terrace,262
83 Lawn Park,264
49516 Gerald Avenue,236
8041 Oak Plaza,51
7442 Bellgrove Lane,207
43 Bonner Center,35
8 Mariners Cove Way,78
42 Lillian Alley,79
75 Spohn Lane,172
176 Veith Park,252
99 Northridge Alley,296
55 Menomonie Hill,178
6922 Towne Pass,145
0 Rutledge Circle,162
31828 Redwing Junction,235
9 Mitchell Road,168
10475 Debs Road,15
15355 Rowland Drive,145
1 Duke Center,218
4 Packers Lane,129
8543 Hooker Crossing,241
4 Tony Drive,74
377 Washington Place,63
409 Transport Parkway,129
4069 Vermont Road,131
55424 Bartelt Hill,171
47693 Melody Place,175
1652 Brown Junction,30
7 Hollow Ridge Way,190
20 Hanson Terrace,53
91 Prentice Drive,83
2 Hanson Trail,71
2709 Independence Point,256
924 Weeping Birch Avenue,286
4801 Westport Alley,206
4270 Merrick Avenue,286
90815 South Junction,58
1 Lyons Lane,248
020 Springs Road,279
5602 Dayton Park,252
5864 Barnett Drive,10
3091 Kingsford Point,272
1 8th Avenue,201
26 Bashford Lane,78
9129 Springview Parkway,39
8 Melby Circle,134
8222 Mayer Junction,185
073 Kennedy Parkway,124
6 Colorado Road,65
95537 Chive Road,16
3 Prairie Rose Parkway,290
16173 Wayridge Way,191
605 Bobwhite Plaza,23
15 Mayfield Road,255
16 8th Street,74
2625 Laurel Alley,262
363 Del Sol Avenue,26
397 Erie Lane,204
33758 Blue Bill Park Center,124
546 Holmberg Way,171
6514 Sunnyside Way,167
55 Stephen Center,76
3 2nd Park,50
49 Northport Pass,49
2560 Lerdahl Park,54
86 Main Center,283
2 Vermont Circle,102
41 Vernon Avenue,29
5 7th Plaza,150
069 Grasskamp Street,99
76 Barnett Plaza,8
1 Hallows Lane,42
17 Kings Street,278
288 Jana Drive,48
20843 7th Terrace,112
93997 Doe Crossing Crossing,87
83230 Haas Trail,286
121 Packers Crossing,13
2 Emmet Parkway,55
3952 Cherokee Court,156
54 Oxford Place,17
8539 Knutson Hill,281
87773 Talmadge Lane,102
54214 Cardinal Hill,275
5404 Sundown Drive,141
06848 Eagle Crest Junction,160
71930 Summer Ridge Park,75
60 Dahle Hill,206
09912 Moose Terrace,143
1528 Melody Road,189
4780 Acker Plaza,296
40 Harbort Terrace,5
86 Esker Center,49
426 Northland Alley,100
206 Ridgeview Road,27
4804 Gale Road,174
07 Wayridge Crossing,161
6 Sommers Court,219
00 Scofield Alley,172
34595 Loftsgordon Drive,167
3 Armistice Street,124
82503 Northland Lane,117
52 Linden Center,169
24802 Mayfield Avenue,229
563 Spenser Pass,72
4 Mariners Cove Court,193
46922 Stuart Court,128
4843 Monterey Lane,46
56 Hanover Street,116
0077 Oriole Pass,149
96052 Nova Way,233
12 Eagan Way,81
119 Acker Drive,249
7710 Arapahoe Road,149
52718 Porter Court,204
15393 Arkansas Junction,131
625 Comanche Pass,9
18 Fieldstone Place,157
47237 Golf Way,150
1156 Bartelt Road,198
388 Longview Park,125
7 Warbler Terrace,216
50 Nelson Way,86
758 Elka Place,98
85994 Fallview Way,86
8 Logan Circle,288
46222 Kim Parkway,195
701 Superior Court,51
5720 Anniversary Road,58
11409 Maple Lane,300
41410 Kingsford Street,140
1190 Service Point,134
34 Northridge Pass,57
575 North Hill,35
691 Ramsey Plaza,174
47 Manufacturers Alley,98
5278 High Crossing Point,188
467 Red Cloud Road,13
488 Glacier Hill Hill,51
74098 Susan Plaza,264
04 Reindahl Alley,61
91 Grasskamp Alley,19
180 Elgar Junction,239
44420 Artisan Point,273
93833 Weeping Birch Terrace,57
24 Maple Wood Pass,191
7465 Texas Center,5
978 Forest Dale Hill,160
593 Monterey Court,39
67764 Sycamore Way,150
4946 Lake View Way,210
8 Bayside Way,21
620 Doe Crossing Road,42
214 Fair Oaks Avenue,37
68 Cambridge Drive,283
5201 Reindahl Avenue,133
6 Nelson Trail,114
8 Corben Avenue,61
93 3rd Way,43
82995 Arkansas Point,103
985 Melby Drive,203
7 Caliangt Circle,9
7 New Castle Alley,223
323 Larry Trail,22
3472 Amoth Plaza,24
7072 Claremont Avenue,140
4 Southridge Street,138
27 Victoria Avenue,290
22 East Hill,155
82263 Arkansas Alley,29
17 Norway Maple Drive,180
1024 Upham Terrace,53
41 Marcy Crossing,244
5 Ludington Place,39
5 Rusk Parkway,175
122 Fairfield Alley,158
62 Westend Crossing,36
999 Old Shore Crossing,58
3 Arapahoe Park,272
4 School Road,239
2697 Vermont Place,131
5 Maple Place,145
50 Maryland Plaza,130
16121 South Lane,219
525 Express Place,54
732 Moose Road,116
4453 1st Park,142
340 Delladonna Road,221
3 Farwell Lane,25
8225 Almo Court,174
147 Warbler Drive,124
09531 Norway Maple Circle,298
64 Ridgeview Circle,36
394 Forest Dale Lane,271
0714 Arrowood Place,157
6 Elgar Street,174
14369 Lakeland Avenue,268
817 High Crossing Terrace,121
81778 Iowa Drive,122
2322 Fordem Alley,278
051 4th Road,155
752 Killdeer Alley,258
5 Logan Pass,149
27906 Schurz Lane,131
23 Meadow Vale Avenue,81
879 Linden Hill,278
709 Derek Alley,223
09046 Dennis Point,59
986 Jenifer Alley,105
583 Glendale Terrace,225
17 Pierstorff Court,133
549 Comanche Court,275
41760 2nd Parkway,121
415 Heffernan Way,275
19185 Burning Wood Avenue,192
32 Melby Crossing,201
96 Longview Center,36
19 Rigney Point,217
0787 Bobwhite Plaza,235
695 Bluejay Center,85
21 Bonner Road,164
71281 Sullivan Plaza,284
85 Coleman Circle,173
0 Dahle Trail,285
53 Anderson Pass,247
1155 Hoard Parkway,140
9 Mariners Cove Junction,55
78632 Crescent Oaks Place,169
435 Reinke Street,109
61767 Donald Crossing,28
13 Little Fleur Lane,129
36208 Dawn Trail,66
68 Dakota Alley,183
2253 Dapin Park,133
91128 Sheridan Plaza,147
9809 Corben Park,50
6 Jana Court,158
07086 Lakeland Circle,191
07036 Donald Avenue,294
57 Golden Leaf Court,288
1527 Warner Way,258
260 Brown Center,141
95051 Surrey Parkway,51
6765 Fallview Road,213
02089 Pennsylvania Park,173
61760 Troy Center,290
3 La Follette Plaza,215
32555 Bluestem Center,208
82208 Annamark Point,121
14729 Schlimgen Crossing,265
18 Monica Center,140
679 Rigney Trail,49
100 Anniversary Way,85
36 Thackeray Park,194
5 Raven Drive,293
0 Boyd Junction,300
1521 Sloan Parkway,159
6 Menomonie Street,257
68 Meadow Vale Center,168
06589 Moulton Trail,13
0880 Emmet Pass,219
5 Hanover Street,299
7684 Colorado Point,254
4 Dryden Point,267
807 Trailsway Parkway,252
5 Hagan Court,4
11 Bellgrove Terrace,245
8549 Crescent Oaks Plaza,243
41743 Thompson Crossing,193
91100 Porter Pass,87
24001 Lien Trail,121
62551 Pierstorff Street,194
7 Pankratz Crossing,200
27 Myrtle Pass,223
8 Lakewood Gardens Junction,161
8 Aberg Court,43
55 Fremont Park,132
11484 Chinook Junction,183
790 Meadow Valley Way,275
52320 Gulseth Avenue,30
34 Johnson Pass,135
0 Memorial Avenue,237
78 Schurz Court,211
054 Walton Pass,155
28 Fairfield Avenue,165
5626 Judy Alley,181
22061 Thompson Pass,195
69348 Sutteridge Place,148
85416 Green Ridge Avenue,266
1 Northfield Alley,287
19082 5th Road,161
89173 Annamark Avenue,158
99871 Walton Center,235
03529 Merchant Trail,7
2 Arizona Pass,99
31499 Coleman Junction,174
2813 Dapin Terrace,180
49 Coolidge Pass,9
3 Coleman Park,27
6 Novick Point,57
7531 Westend Drive,59
507 Kennedy Avenue,18
6922 Karstens Crossing,6
45529 Grim Avenue,66
6 Nobel Court,22
4982 Texas Drive,45
10833 Clove Lane,135
8 Butternut Avenue,219
3 Logan Terrace,223
6985 Rutledge Plaza,136
081 Bunker Hill Crossing,291
2668 Kenwood Alley,199
4193 Carey Road,206
6207 Northview Pass,258
0 Toban Circle,38
95935 Welch Hill,246
764 Thackeray Circle,177
34 Sullivan Park,236
07044 Prairie Rose Circle,177
449 Nevada Point,4
5 High Crossing Place,253
66402 Moulton Lane,131
34515 Forster Pass,30
83988 Monterey Junction,256
37 Helena Way,34
0164 International Junction,170
4969 Bay Street,124
4089 Summerview Point,48
0 Duke Junction,285
7 Schlimgen Circle,68
09 Pleasure Crossing,192
20997 Prairie Rose Street,127
267 Packers Terrace,138
18 Welch Park,265
62 Everett Parkway,87
9 Garrison Center,53
932 Everett Avenue,169
047 Maple Drive,193
34 Sunfield Plaza,166
71350 West Junction,198
75423 Arrowood Center,251
641 Pankratz Drive,233
36212 Waxwing Terrace,32
1984 Vermont Pass,274
17 Walton Lane,219
54 Carioca Pass,98
520 Rockefeller Pass,278
0336 Almo Park,107
1 Londonderry Center,205
8 Mifflin Avenue,271
74 Lerdahl Way,12
4801 Springs Road,272
13399 Sunfield Way,82
48227 Surrey Point,7
560 Orin Place,17
33 Paget Hill,235
46295 Lerdahl Drive,114
889 Bobwhite Road,213
755 Eagan Street,112
81 Iowa Terrace,180
53675 Hooker Way,164
2 Stone Corner Street,116
387 Nancy Pass,68
28 Eagan Road,52
719 Saint Paul Pass,280
289 Gale Terrace,32
21921 Loeprich Lane,121
556 Clove Terrace,159
5 Brickson Park Court,242
00 Continental Circle,275
8 Nobel Pass,58
825 John Wall Plaza,130
80 Sunnyside Circle,14
375 Merry Avenue,294
624 Marcy Way,244
8779 Ohio Trail,99
466 Becker Center,6
36163 Grim Street,163
077 Vermont Circle,241
963 Troy Center,52
0635 Brentwood Alley,223
716 Saint Paul Court,151
995 Monterey Court,63
412 Northview Junction,150
0 Nancy Trail,184
4248 Bellgrove Alley,190
73 Weeping Birch Street,300
270 Fremont Drive,237
81464 Nevada Junction,52
53382 Fairfield Lane,174
66 Corben Way,262
683 Oxford Plaza,259
09 Northview Place,215
245 Maple Lane,32
6787 Thackeray Terrace,74
4 Knutson Park,118
3 Mallard Drive,144
846 Gerald Junction,267
62007 Lakeland Place,292
0295 Alpine Lane,227
4 Loftsgordon Trail,258
630 Russell Parkway,197
943 Talisman Avenue,131
9378 Nobel Parkway,154
6555 Fairfield Parkway,106
61 Gulseth Center,273
0 David Hill,234
74 Sutherland Alley,262
5876 Tennyson Avenue,112
06463 Green Park,95
3 Glacier Hill Terrace,274
04 Dawn Circle,283
3329 Alpine Street,282
8 Mitchell Road,236
815 Caliangt Terrace,5
0 Lakeland Center,80
7056 Quincy Street,225
064 Spenser Circle,250
433 Riverside Terrace,63
5205 Hudson Avenue,66
3 Derek Avenue,51
28753 Hovde Street,18
136 Scott Park,117
4 Nova Pass,151
82311 Dovetail Avenue,182
10053 Ludington Avenue,258
7264 Paget Point,271
932 Kenwood Terrace,27
793 Lerdahl Lane,286
10390 International Circle,77
554 Tennyson Point,208
67 Maple Lane,201
29311 Kipling Park,2
799 Pennsylvania Alley,213
9435 Dunning Park,211
14 Killdeer Trail,96
51 Clemons Crossing,86
613 Kennedy Park,189
120 American Pass,100
728 Kenwood Drive,122
93 Buena Vista Road,147
4 Florence Point,137
18 Stuart Terrace,274
26 Calypso Alley,228
10659 Arrowood Alley,214
50 Westerfield Street,263
5206 Drewry Circle,112
5 Nobel Center,219
0302 Loeprich Plaza,163
12 Hooker Lane,179
430 Bellgrove Avenue,154
577 Burning Wood Alley,227
9 Calypso Trail,135
91405 Westerfield Street,28
771 Mccormick Center,220
632 Grover Way,81
6 Superior Place,101
88 Carpenter Center,94
4682 Katie Street,70
274 Sundown Terrace,140
11 Pennsylvania Court,14
609 Haas Place,195
63407 Monterey Circle,299
1333 Sherman Drive,163
02446 Kim Alley,261
517 Claremont Lane,231
42697 Clarendon Drive,237
2 Haas Circle,224
1198 Kipling Junction,244
4 Laurel Hill,199
8350 Monument Point,70
4734 Buell Terrace,99
98875 Declaration Plaza,3
49729 Moulton Hill,249
3057 Melrose Alley,80
154 Doe Crossing Hill,237
11 Maywood Junction,150
0 Debra Alley,245
36 Oxford Circle,278
782 Truax Circle,60
21382 Duke Pass,220
89 Birchwood Center,201
705 Kipling Alley,186
0542 Clarendon Way,163
1173 Maple Pass,216
6 Loomis Point,14
63674 Hazelcrest Park,72
4963 Tony Junction,14
78 Rutledge Pass,144
00 Moland Plaza,293
14921 Mcbride Plaza,246
4 Pond Terrace,17
2864 Eagle Crest Junction,15
70 Dottie Drive,158
7 Gerald Trail,214
9620 Bobwhite Center,278
47 Commercial Plaza,229
38 Merrick Court,283
19654 Shelley Point,295
7560 Di Loreto Pass,134
5 David Park,47
16370 Morningstar Road,64
083 Logan Street,92
1 Kipling Hill,132
55 Dryden Place,297
90 Larry Crossing,238
06954 South Trail,97
79 Brickson Park Pass,195
4333 Magdeline Way,292
4439 Emmet Plaza,31
300 Lunder Hill,14
277 Warbler Junction,175
3380 Ryan Court,252
8 Shasta Junction,10
901 Lillian Trail,121
5 Jenna Circle,161
79142 Northfield Drive,2
7 Charing Cross Street,228
55758 Messerschmidt Pass,79
5913 Vidon Point,113
73094 Northview Hill,13
22929 Hauk Plaza,27
873 Chive Park,18
27 Gale Hill,37
6294 South Parkway,151
982 Scofield Center,111
599 Tony Circle,30
13 Hazelcrest Crossing,86
87 Dawn Trail,120
48 Reinke Circle,157
176 Express Parkway,213
045 Hayes Park,269
91800 Michigan Way,278
93552 Chive Center,244
164 Independence Terrace,299
217 Cottonwood Plaza,92
75 Stoughton Pass,179
27273 Farragut Street,296
4 Anhalt Park,38
