Account ID,Address,Email,Phone Number
1,5017 Nancy Way,mpenswick0@foxnews.com,334-998-3262
2,541 Barby Hill,gcurme1@tripod.com,815-681-0829
3,2 Northwestern Hill,tstapells2@hhs.gov,761-172-8163
4,7 Monica Hill,qarmitage3@narod.ru,664-574-4954
5,73657 Forster Pass,bballance4@hc360.com,952-971-9818
6,62448 Arrowood Street,gscroggie5@dot.gov,267-314-8757
7,80797 Graedel Pass,lmulkerrins6@go.com,189-309-1088
8,8 Forest Avenue,dnorssister7@is.gd,260-612-1009
9,403 Towne Center,ndunford8@g.co,704-350-9039
10,06531 Messerschmidt Street,rklaassens9@wix.com,572-873-4992
11,4500 Riverside Avenue,cpeardea@icq.com,537-547-7601
12,755 Florence Trail,gpheaseyb@gravatar.com,683-790-2438
13,59677 Longview Drive,tdukec@hao123.com,678-640-0721
14,815 Del Mar Place,efacherd@jimdo.com,112-121-1710
15,17966 South Pass,mbockine@uol.com.br,833-761-2184
16,92515 Barby Avenue,dgorringf@hexun.com,213-877-4140
17,13480 Duke Court,bmalenfantg@paginegialle.it,295-699-8347
18,47300 Thompson Pass,fbovingdonh@sina.com.cn,763-358-3933
19,700 Claremont Hill,jgummoryi@intel.com,131-982-1532
20,3 Kingsford Street,fvakhoninj@squarespace.com,526-416-9549
21,58 Meadow Vale Park,jpaynterk@google.fr,607-654-4983
22,4991 Hallows Court,tstoilel@miitbeian.gov.cn,606-590-9933
23,71 Mendota Parkway,aholworthm@tripadvisor.com,945-212-7639
24,0 Main Lane,acaheyn@over-blog.com,104-153-7294
25,2844 Charing Cross Parkway,fwillartono@usa.gov,309-395-0253
26,5687 Moulton Terrace,lsindlep@mlb.com,436-470-7424
27,6 Northview Avenue,zofergusq@foxnews.com,662-604-0390
28,2742 Pearson Terrace,zormonder@sakura.ne.jp,385-560-2830
29,82 Alpine Hill,mcovenys@unesco.org,541-654-4171
30,11155 Green Court,csheavillst@bbc.co.uk,386-786-1810
31,404 Heffernan Place,mmethamu@seesaa.net,838-501-0949
32,03 Lerdahl Road,flishmundv@taobao.com,891-604-8198
33,8 Graceland Way,rwimesw@ow.ly,472-167-5743
34,0796 Miller Plaza,dtartex@ftc.gov,837-514-4523
35,20734 Shelley Hill,gvaggesy@icq.com,568-570-8920
36,6143 Caliangt Street,rbiaggioliz@bing.com,147-117-1315
37,1 Burrows Avenue,pocleary10@sun.com,359-912-6703
38,90591 Ramsey Circle,hmullaney11@pinterest.com,276-159-4941
39,348 Grayhawk Park,gdefrancesco12@fda.gov,704-427-7713
40,0522 Judy Hill,bsingers13@spiegel.de,232-901-6467
41,03 Birchwood Pass,frutherford14@skype.com,419-375-8459
42,6091 Dixon Place,rmatches15@google.ca,373-523-6319
43,67322 Loomis Place,dpeirson16@webmd.com,367-504-5459
44,2170 Sutherland Park,sdelong17@blinklist.com,393-749-9602
45,1 Waxwing Way,llillie18@wikipedia.org,638-907-1127
46,8 Tony Road,dgoudard19@sun.com,568-425-4142
47,48 Homewood Court,jsquibbs1a@goo.ne.jp,249-636-3077
48,1798 Monterey Lane,cmoorcraft1b@dell.com,652-310-5931
49,883 Sunfield Court,cleeming1c@bloglovin.com,701-326-9506
50,9293 Dwight Junction,cliccardo1d@addtoany.com,471-417-2158
51,15 Pepper Wood Avenue,ccrowdace1e@plala.or.jp,906-665-0850
52,8777 Corben Plaza,lorts1f@cafepress.com,816-509-8472
53,78699 Marcy Junction,wpyke1g@sfgate.com,205-547-6274
54,119 Westridge Street,kkirrens1h@joomla.org,593-682-0958
55,708 Dennis Court,tgernier1i@sourceforge.net,620-304-0239
56,973 Nevada Park,efanstone1j@virginia.edu,268-286-9275
57,375 Garrison Court,kstarbuck1k@twitter.com,257-345-0664
58,94469 Wayridge Way,fgretton1l@123-reg.co.uk,676-216-7314
59,7161 Columbus Point,otregido1m@bluehost.com,542-126-4921
60,356 Pearson Terrace,amerrilees1n@aol.com,769-995-4624
61,43 Carey Pass,jimlaw1o@google.ca,442-990-9016
62,83 Prentice Terrace,clamming1p@gnu.org,957-435-0555
63,31 Granby Park,rwoolaghan1q@ameblo.jp,852-378-7708
64,17 Superior Junction,reste1r@angelfire.com,879-912-4115
65,90304 Almo Street,lkaroly1s@wisc.edu,391-908-0332
66,093 Lotheville Park,hmirfield1t@google.com,744-429-4663
67,3 Merry Point,cferrarin1u@spotify.com,399-507-1326
68,009 Miller Avenue,tharefoot1v@histats.com,183-161-9240
69,5296 Walton Point,pbrookwood1w@e-recht24.de,539-659-7754
70,7012 Sullivan Alley,lmandeville1x@netscape.com,885-381-7133
71,7295 Amoth Trail,bwedmore1y@squarespace.com,460-350-2239
72,0 Fallview Way,hcashin1z@infoseek.co.jp,597-302-2636
73,85740 Claremont Lane,hcartman20@earthlink.net,166-460-9433
74,5545 Gulseth Way,lmarder21@cbc.ca,140-245-3363
75,1764 Esker Circle,bbeaze22@illinois.edu,914-866-0180
76,42041 Karstens Plaza,iscarman23@wufoo.com,154-813-4453
77,38290 Veith Alley,ajarritt24@weebly.com,267-422-7336
78,1 Laurel Park,ktrain25@odnoklassniki.ru,543-600-9676
79,630 Parkside Center,slewsley26@indiatimes.com,257-272-4913
80,86 Sullivan Plaza,jwein27@twitter.com,981-681-3205
81,05 Buell Pass,tkroch28@hud.gov,767-940-3869
82,35967 Dapin Court,aneild29@stanford.edu,413-314-9939
83,12359 Vernon Trail,ffivey2a@miitbeian.gov.cn,459-495-6045
84,93917 Spaight Circle,lbalsdone2b@wix.com,434-433-4348
85,6 Clarendon Avenue,lbonnyson2c@ovh.net,263-173-2901
86,70 Kings Terrace,bsimenet2d@t-online.de,373-383-7434
87,92 Linden Drive,sredmell2e@elpais.com,664-337-1859
88,9887 Paget Plaza,gtilston2f@ifeng.com,571-635-2451
89,7459 Corscot Lane,mwillshere2g@google.es,918-989-4414
90,81 Daystar Junction,rgainsborough2h@cornell.edu,635-472-0966
91,2523 Sullivan Junction,ccordova2i@typepad.com,704-122-9713
92,5273 International Plaza,klimon2j@ucsd.edu,400-133-9644
93,6699 Talisman Court,bgillmore2k@g.co,927-538-3483
94,5640 Grayhawk Lane,dyousef2l@cbsnews.com,568-562-7266
95,6066 Sugar Street,redkins2m@virginia.edu,516-270-1550
96,95157 Anderson Way,bstanmore2n@so-net.ne.jp,745-222-3814
97,551 Onsgard Way,lfalkingham2o@yelp.com,210-346-3316
98,24 Schiller Road,shall2p@istockphoto.com,963-624-5054
99,938 Superior Place,hmendel2q@ow.ly,282-369-4167
100,857 Chinook Point,ncordall2r@vimeo.com,485-747-3024
101,566 Helena Court,skermon2s@topsy.com,612-649-5635
102,0697 Summerview Road,scouronne2t@dell.com,975-858-3412
103,3948 Sauthoff Trail,hmcgeever2u@meetup.com,781-749-0463
104,9647 Loomis Circle,dsandells2v@zimbio.com,405-380-7811
105,9 Rigney Parkway,pdonnachie2w@cnbc.com,602-180-7067
106,7 Red Cloud Junction,rcurzey2x@issuu.com,902-483-1622
107,875 Hermina Alley,pasp2y@quantcast.com,191-237-7195
108,0 Jana Place,krockliffe2z@ucsd.edu,647-596-5189
109,06 Hollow Ridge Road,aburrel30@globo.com,970-946-0361
110,12 Thackeray Way,nchrippes31@sohu.com,645-459-5665
111,5 Heffernan Way,acrowder32@cnbc.com,537-560-2490
112,63424 International Point,mkhomich33@4shared.com,537-310-9081
113,796 Rowland Junction,wkelland34@cbsnews.com,453-878-6702
114,30 Crowley Alley,ddongles35@yandex.ru,993-326-9009
115,77 Veith Way,kbuttrum36@soundcloud.com,421-812-4206
116,67 Eliot Pass,dstrode37@baidu.com,882-603-3758
117,496 Bayside Plaza,kcalendar38@sourceforge.net,744-965-8164
118,93 Homewood Point,swales39@vimeo.com,449-934-3132
119,83 East Junction,jrosnau3a@hibu.com,343-765-8499
120,65 Lotheville Street,cviney3b@about.com,170-355-8635
121,8 Brentwood Terrace,rcherrie3c@about.me,450-830-1024
122,6538 Holy Cross Hill,ctidbold3d@sbwire.com,251-736-0128
123,2090 Cambridge Point,fbalam3e@dedecms.com,622-803-2765
124,39 Butterfield Crossing,ckuzma3f@epa.gov,738-229-5851
125,6226 Westridge Street,gtorel3g@myspace.com,467-159-6666
126,1447 Prentice Terrace,gvigurs3h@rambler.ru,962-595-0602
127,7661 Fuller Road,cmunkley3i@shop-pro.jp,245-653-4726
128,28 Mariners Cove Avenue,ecossar3j@walmart.com,394-924-9576
129,09030 Barnett Terrace,lbaldelli3k@furl.net,389-941-0678
130,4 Spohn Court,abaudacci3l@phpbb.com,475-580-5918
131,5 Dahle Crossing,asapsed3m@jigsy.com,475-894-1675
132,72605 Pennsylvania Alley,lhuffadine3n@networkadvertising.org,830-627-7687
133,97 Ilene Circle,lsmiths3o@photobucket.com,750-477-4496
134,97986 Florence Park,kesche3p@cam.ac.uk,675-702-1087
135,4535 Maryland Crossing,gclingan3q@ftc.gov,452-386-7335
136,35 Southridge Way,toleszczak3r@canalblog.com,873-984-6077
137,4390 Graceland Avenue,pmacmenamy3s@wisc.edu,673-303-9013
138,64 Bay Point,pclunie3t@hao123.com,874-855-9857
139,922 Anthes Alley,jjosephi3u@posterous.com,369-362-3767
140,19 Larry Drive,shambrook3v@tamu.edu,536-350-7973
141,2047 Hazelcrest Court,edanton3w@marketwatch.com,680-908-6696
142,1 Havey Junction,lgavagan3x@guardian.co.uk,803-951-6930
143,32406 Logan Circle,igorler3y@google.pl,526-291-8141
144,5863 Hoffman Road,whussy3z@engadget.com,502-512-2224
145,058 Valley Edge Street,dferrino40@usa.gov,494-557-5910
146,1 Springs Plaza,mspering41@github.io,804-679-7762
147,07798 Ridge Oak Park,eshobbrook42@mapquest.com,405-791-9231
148,84244 Magdeline Hill,nbauer43@ebay.co.uk,854-295-5893
149,0256 4th Hill,ptompsett44@youtu.be,171-146-0614
150,0 Hanson Road,sdowers45@chronoengine.com,177-269-9489
151,125 Graceland Center,cbilam46@artisteer.com,854-767-5903
152,3984 Anthes Drive,cablewhite47@blinklist.com,391-370-9636
153,814 Old Shore Junction,vganders48@ezinearticles.com,904-325-1319
154,63696 Merry Circle,iclement49@youtube.com,372-964-9606
155,458 Thierer Terrace,cperry4a@pcworld.com,342-482-7964
156,08 Roxbury Street,ddunsmuir4b@clickbank.net,614-979-6919
157,8962 Burning Wood Plaza,tgeorge4c@jigsy.com,767-773-4739
158,1 Doe Crossing Crossing,ebottell4d@uiuc.edu,227-946-7483
159,4 Southridge Road,crubinow4e@google.co.jp,887-138-7629
160,12358 Bultman Trail,sperico4f@bravesites.com,724-233-5605
161,69 Leroy Drive,fcamillo4g@chronoengine.com,116-411-6158
162,077 Artisan Crossing,aleetham4h@ovh.net,136-625-2163
163,0 6th Point,fjurczik4i@bbc.co.uk,827-765-0449
164,82 Pepper Wood Pass,afrancklyn4j@netscape.com,630-381-3678
165,5785 Gale Point,ggrowcott4k@google.es,919-756-5306
166,17288 Thackeray Lane,yseeman4l@sciencedirect.com,417-665-4590
167,118 Karstens Lane,linglish4m@marketwatch.com,214-523-3435
168,7 Fairview Circle,iwrathmell4n@quantcast.com,662-367-4462
169,1676 Grasskamp Crossing,btremolieres4o@google.de,335-307-5258
170,7 Center Avenue,jlowin4p@so-net.ne.jp,928-836-9007
171,3265 Esch Crossing,wdudding4q@japanpost.jp,408-883-2630
172,45 Haas Lane,jbrickham4r@technorati.com,491-745-9946
173,0752 Clarendon Park,wottery4s@indiegogo.com,298-626-7270
174,767 6th Circle,bmerryman4t@ning.com,557-896-9955
175,2623 Village Park,jbeert4u@harvard.edu,953-912-5781
176,2429 Helena Plaza,svauter4v@photobucket.com,626-645-5925
177,45 Beilfuss Lane,blydden4w@amazon.de,650-276-0528
178,329 Myrtle Lane,dbredes4x@ezinearticles.com,746-858-2800
179,2604 Boyd Road,awalling4y@buzzfeed.com,179-114-0703
180,1 Carioca Parkway,cfri4z@mit.edu,834-254-4586
181,0 Kim Park,ematteotti50@army.mil,955-203-0604
182,8 Briar Crest Street,zbradbeer51@globo.com,376-245-3319
183,210 Texas Junction,gbattany52@squidoo.com,841-527-7749
184,08 Oxford Point,adejuares53@elpais.com,549-992-7393
185,05276 Waubesa Plaza,cmanners54@creativecommons.org,472-930-9561
186,18 Montana Pass,cbill55@stumbleupon.com,358-202-3914
187,456 Delaware Terrace,cchatres56@list-manage.com,345-483-0483
188,5 Jana Terrace,ubotterman57@livejournal.com,748-926-5848
189,568 Service Circle,mworthing58@yale.edu,149-148-6139
190,6206 Utah Terrace,schattaway59@google.nl,984-479-4534
191,72487 Arapahoe Circle,sgiraudat5a@wufoo.com,582-858-1471
192,09761 Summerview Crossing,gvasiljevic5b@nasa.gov,484-248-3232
193,86 East Parkway,bgavaghan5c@amazon.co.uk,838-478-8210
194,483 Fair Oaks Pass,nweavill5d@rediff.com,195-317-0341
195,36 Killdeer Point,vcrassweller5e@parallels.com,415-382-6509
196,3076 Scott Plaza,ctremontana5f@desdev.cn,303-837-9463
197,957 Elka Alley,mdeverock5g@barnesandnoble.com,767-597-1836
198,59 Kingsford Road,otzarkov5h@google.it,703-906-7245
199,0154 Homewood Place,egaraway5i@google.fr,714-775-7581
200,49 Kennedy Center,cslowly5j@altervista.org,674-116-6210
201,81140 Steensland Drive,kpuckham5k@weebly.com,497-379-9481
202,1886 Porter Alley,colyet5l@nih.gov,168-717-5785
203,1980 Heffernan Crossing,llightbourn5m@gmpg.org,626-969-6863
204,3308 Corry Point,dcrutchley5n@1688.com,820-261-5924
205,37 Commercial Circle,cludlom5o@unc.edu,902-676-5502
206,1 Sullivan Parkway,bblenkharn5p@jimdo.com,180-270-7951
207,2103 Utah Avenue,hhunte5q@purevolume.com,745-493-8346
208,03 Grasskamp Circle,bloalday5r@ask.com,248-404-7024
209,74 Northview Street,bbredes5s@sourceforge.net,691-114-4387
210,9 Hayes Road,tsautter5t@ezinearticles.com,825-131-0536
211,42 Crescent Oaks Junction,lhalliburton5u@oracle.com,920-890-3163
212,308 Golf Court,achate5v@amazon.com,312-296-8072
213,4840 Menomonie Point,lemeney5w@goo.gl,806-952-4195
214,8090 Talmadge Way,gdank5x@fastcompany.com,376-329-8842
215,17931 Grasskamp Plaza,jdwane5y@wired.com,893-692-2641
216,1 Stone Corner Avenue,klocarno5z@dailymail.co.uk,345-895-6924
217,5 Ruskin Way,ddewerson60@blogger.com,647-557-6095
218,5 Goodland Center,rcashley61@fda.gov,346-381-5375
219,24652 Division Drive,zkroin62@usgs.gov,272-986-4537
220,1331 Sunbrook Center,lshafier63@lycos.com,157-741-9017
221,57875 Transport Road,tramiro64@canalblog.com,971-113-5192
222,24157 Maywood Crossing,kelcott65@tumblr.com,452-197-1119
223,80063 Maryland Road,hhulse66@cornell.edu,510-418-7574
224,9 Algoma Hill,amulkerrins67@seesaa.net,538-475-2077
225,98 West Avenue,tbreache68@irs.gov,387-390-6333
226,08 Anderson Crossing,bspadoni69@ed.gov,837-593-2945
227,7624 Scofield Trail,oabrahamsohn6a@google.fr,330-181-7170
228,0 Namekagon Crossing,istones6b@jimdo.com,281-238-8764
229,69 Porter Junction,mboard6c@harvard.edu,314-155-8618
230,817 Hoffman Circle,acarding6d@ed.gov,595-740-4808
231,5 Kinsman Junction,ndunkersley6e@discuz.net,845-282-1787
232,5785 Eliot Parkway,lchantillon6f@about.me,980-592-2644
233,48 Anhalt Lane,sgrand6g@rambler.ru,280-737-6999
234,31245 Maywood Trail,mskirvin6h@nih.gov,994-172-0013
235,63 Mallard Alley,dgherarducci6i@uiuc.edu,219-812-9623
236,497 Rutledge Park,mmumm6j@baidu.com,694-209-5961
237,7989 Warrior Way,ttoma6k@domainmarket.com,521-269-7331
238,346 Acker Alley,cmickleburgh6l@shinystat.com,900-121-4414
239,1676 Donald Drive,aronci6m@fotki.com,322-527-6608
240,40317 Twin Pines Avenue,iloney6n@dailymotion.com,170-364-1362
241,0 Luster Lane,ryaus6o@bbb.org,399-871-0619
242,74112 Pearson Road,dbruna6p@dailymail.co.uk,974-440-7517
243,8 Utah Terrace,bstonhewer6q@sogou.com,464-500-3195
244,985 Talmadge Crossing,gharry6r@jimdo.com,384-985-0064
245,7083 Johnson Park,rpollett6s@si.edu,338-219-8854
246,183 Bowman Terrace,cgreated6t@1und1.de,920-555-8901
247,01316 Dorton Junction,jguitel6u@squarespace.com,352-954-5687
248,36433 Manufacturers Point,pjoyson6v@bigcartel.com,272-466-4943
249,660 Golf Course Pass,ccotter6w@narod.ru,730-906-7850
250,1695 Barnett Street,edeathe6x@forbes.com,900-294-7935
251,08 Toban Hill,ylippini6y@chicagotribune.com,253-774-5809
252,14 Warbler Pass,oiacofo6z@shop-pro.jp,517-260-1194
253,55 Waywood Road,lswigger70@ucla.edu,438-744-9420
254,4 Brown Trail,kdollimore71@cbc.ca,589-441-2701
255,27310 Dayton Lane,ywarlawe72@bloglovin.com,438-900-7343
256,10 Toban Drive,bdanilin73@accuweather.com,153-471-1119
257,9846 Park Meadow Circle,mreaditt74@uol.com.br,629-924-9403
258,623 Roth Terrace,skemble75@issuu.com,341-881-6207
259,90 Buena Vista Way,dgumby76@ucla.edu,901-692-8710
260,705 Eagle Crest Place,agoodbarr77@nps.gov,642-216-2873
261,847 Delladonna Trail,dviles78@craigslist.org,333-572-5745
262,21 Mccormick Trail,visaksson79@unc.edu,352-536-0741
263,93746 Old Gate Park,lpullman7a@dailymail.co.uk,768-951-6482
264,1480 Surrey Alley,fthorouggood7b@intel.com,824-419-2747
265,631 Merchant Alley,tsteanyng7c@i2i.jp,310-784-2464
266,6 Mallory Plaza,rhughman7d@canalblog.com,418-964-6497
267,990 Summerview Plaza,rfawltey7e@twitter.com,228-200-9916
268,6676 Dryden Hill,hstollman7f@desdev.cn,901-542-0245
269,96608 Sundown Point,psouthgate7g@flavors.me,210-413-3177
270,539 8th Center,drobinson7h@wikispaces.com,128-666-1388
271,39234 Monument Circle,aconquest7i@narod.ru,114-265-8102
272,7724 Carpenter Crossing,dkemmis7j@w3.org,867-129-9135
273,2 Amoth Terrace,dpittham7k@baidu.com,869-343-5881
274,603 Moulton Place,hcastagnone7l@nydailynews.com,285-267-3328
275,03183 Clove Terrace,fcharpin7m@illinois.edu,406-634-6897
276,51974 Kedzie Hill,dveall7n@walmart.com,604-914-3488
277,835 Sachs Junction,xshelmerdine7o@webeden.co.uk,798-842-7387
278,07587 Bluestem Crossing,fmasi7p@examiner.com,935-434-6612
279,03397 Longview Hill,rbonus7q@umich.edu,598-895-8518
280,91663 Spenser Court,gnisot7r@ft.com,621-814-4012
281,60260 Thompson Center,dmatson7s@a8.net,974-247-5530
282,0 7th Terrace,rsackur7t@1und1.de,706-402-7959
283,2 Carberry Park,bhollebon7u@canalblog.com,311-581-6926
284,12211 Mallory Trail,vhitzschke7v@so-net.ne.jp,553-366-8516
285,640 Kropf Avenue,ctremayle7w@youku.com,415-968-9589
286,204 Troy Trail,kpedlow7x@blinklist.com,381-513-4908
287,3 Linden Junction,dpirnie7y@toplist.cz,394-755-6536
288,27 Becker Road,hfrail7z@wikimedia.org,624-229-8117
289,10 Southridge Crossing,lbellwood80@ucoz.ru,281-756-3042
290,33613 Canary Street,sdeclerc81@moonfruit.com,844-865-5070
291,734 Truax Way,cmartina82@youku.com,749-540-7290
292,35342 Manufacturers Lane,fswitsur83@dagondesign.com,912-495-0101
293,1861 Prentice Point,tbrookwood84@addthis.com,560-448-8589
294,7 Shopko Point,imoodie85@reverbnation.com,899-980-9426
295,7 Southridge Parkway,fcoddrington86@chron.com,628-996-4680
296,533 Westerfield Place,jbeszant87@nature.com,437-498-3100
297,4 Warrior Lane,umossbee88@free.fr,251-659-4742
298,6 Marcy Way,tamer89@twitpic.com,762-983-6625
299,6 Buena Vista Terrace,wropkins8a@oracle.com,682-787-6079
300,58 Clyde Gallagher Trail,edoumerque8b@etsy.com,777-598-5726
