AccountID,BusinessName,ContactPerson,TaxID
526,"Hegmann, Trantow and Leffler",Dion Grumbridge,17-1762195
527,Steuber LLC,Bartolomeo Ollerhead,09-0362090
528,"Ryan, Hermann and Howe",Hollyanne Lamberto,69-0654098
529,Hackett LLC,Bessy Dunkerley,78-8765656
530,"Fay, Rodriguez and Predovic",Dew Penchen,75-2496058
531,"Walker, Bins and Ernser",Sheryl Blase,31-5252748
532,D'Amore-O'Connell,Anton Bladesmith,53-0584799
533,Hartmann-Bruen,Kit Doyley,77-3669200
534,Littel Group,King Matejka,52-2852243
535,"Cummings, Schaefer and Schneider",Derrek Heisler,71-0611550
536,"Kertzmann, Okuneva and Jaskolski",Paolina Tolan,10-1603002
537,Turner Inc,Dolores Runcieman,05-8746836
538,Kihn-Hermann,Winona Schule,38-7998975
539,"Boyle, Ritchie and Hintz",Robena Rapelli,80-2400958
540,Schmidt and Sons,Arabelle Hasley,65-2315625
541,Lindgren LLC,Gardener Worland,15-0723156
542,Moore Group,Claretta Rowthorn,36-0663663
543,"Zulauf, Simonis and Collins",Ethan Geroldo,49-2730169
544,Bayer LLC,Terrijo Reijmers,77-8324906
545,"Gorczany, Jacobson and Murphy",Ludwig Oxenford,70-7554794
546,Stanton Inc,Danie Kennford,04-4573169
547,"Zieme, Harber and Bergnaum",Mamie Gantz,27-9933350
548,Bergnaum and Sons,Netta Heindle,67-4202336
549,Hudson-Kris,Hobie Button,17-2756203
550,Predovic Inc,Charity O'Cosgra,33-2643805
551,"Buckridge, Feil and Waters",Kellina Eliyahu,32-0592324
552,"Lynch, Haley and Barrows",Stefa Backs,00-3025234
553,Lesch LLC,Emile Tinmouth,54-7940030
554,Dach-Bauch,Koressa Shrimplin,46-8784807
555,Feeney-Tromp,Peggie Mayes,05-3090382
556,Cremin LLC,Carleton Gulleford,15-4660524
557,"Champlin, Bode and Bashirian",Helaine Perrins,43-5957192
558,Hills and Sons,Gui Curtin,11-5478303
559,Gutmann Group,Willem Balleine,42-1887078
560,Bayer-Kemmer,La verne Burnup,30-6271071
561,McDermott and Sons,Kaspar Elkins,50-3102259
562,Ondricka-Conroy,Loella Siggins,35-2212781
563,Monahan Inc,Wain Kaygill,08-7957604
564,Hodkiewicz Group,Hort Yatman,13-0705811
565,"Sawayn, Schaefer and Ernser",Westbrooke Silvers,57-1829462
566,McClure LLC,Sophie Kaye,60-5324160
567,Conroy-Pagac,Miller Cordet,22-2316455
568,Weissnat Inc,Saunders Langfield,82-3044104
569,Hauck-Klein,Jan Robberecht,49-9349836
570,"Adams, Leffler and Hilpert",Johnathan Bassano,32-7582711
571,Larkin-King,Ira McCloughen,57-1283145
572,"Abshire, King and Dare",Hashim Presnall,30-6440546
573,"Franecki, Bogan and Schroeder",Franny Bourcq,94-5560490
574,Boyle Inc,Avril Gash,57-4285556
575,"Braun, Skiles and Turner",Isidor Truitt,24-5353997
576,Romaguera-Klocko,Clint Kibard,13-2599294
577,Farrell-Thiel,Pierette Biggs,36-7801369
578,Jast-Lemke,Shirley Girodon,73-7793456
579,"Schumm, Cole and Purdy",Johan O' Shea,66-8898697
580,Zboncak-Cole,Penni Seefeldt,63-3908809
581,Fay Group,Blake Hatley,56-3501572
582,Hagenes-Kuhn,Leticia Spear,85-1518555
583,"Heathcote, Daugherty and Kunde",Kassandra Doak,86-7933045
584,"Lakin, Witting and Gutkowski",Tabbie Bradlaugh,98-1771889
585,McCullough-Rowe,Elihu Dillistone,36-7252465
586,Beier Inc,Mellicent Schuler,15-3169400
587,Williamson LLC,Abagail Humbey,81-6763574
588,Hane-Paucek,Gabbey Lynde,31-7693622
589,Metz-Mosciski,Justin Francey,60-7663700
590,Lehner-Bailey,Milt Senten,18-7296067
591,Simonis-Hauck,Parsifal Corry,44-8944022
592,Ritchie-Wisoky,Herculie Hakonsen,50-0718215
593,Bergstrom-Padberg,Aretha Pemberton,31-7383395
594,"Pfannerstill, Friesen and Kovacek",Debbi Shaw,41-6524044
595,Daugherty-Tillman,Cob Gentric,25-0231594
596,Kessler Group,Rodie Brudenell,64-1225069
597,"Stanton, Lueilwitz and Lowe",Patin Leythley,01-8075684
598,Hoppe-Russel,Braden Sodeau,26-2039818
599,"Kub, Strosin and Dickinson",Valentia Matonin,07-0805647
600,"Friesen, Brekke and Jerde",Lethia Vedenisov,02-2048819
601,"Schmitt, Kautzer and Koepp",Cyndi Mosby,91-0745173
602,Bode-Brakus,Emelina Edden,99-6225897
603,"Rath, Wolff and Frami",Ashien O'Beirne,61-2150018
604,Dooley-Conroy,Gabriello Tomadoni,75-9739861
605,O'Keefe-Yundt,Melanie Wattingham,38-9818190
606,Smitham Group,Honey Gerrish,08-4652839
607,Schuster LLC,Blake Pratt,74-4609269
608,"Lang, Russel and Lueilwitz",Davin Errey,88-6232716
609,"Okuneva, Schaden and Brakus",Brew Bellard,85-5030792
610,Leffler Group,Bart Gowanlock,36-3216885
611,Morissette LLC,Horace Ebi,48-5086576
612,"Schulist, Rosenbaum and Goyette",Sherye Illingworth,42-8035400
613,"Schroeder, Jakubowski and O'Conner",Kaja Raecroft,43-3074557
614,Green Inc,Urson Borrel,51-6817943
615,Littel LLC,Michaella Yearsley,49-4372039
616,"Mueller, Bruen and Schumm",Briana Pourveer,93-6813785
617,Conroy-Herman,Inigo Rawson,47-2819462
618,Murazik and Sons,Delainey Hayle,94-6357083
619,Cassin Inc,Nicholle Jankovic,78-8684829
620,Kuphal-Franecki,Kris Chartre,31-9952976
621,"Wolf, Wiza and Williamson",Jamill Byrne,28-3594117
622,"Reinger, Paucek and Wilkinson",Winny Portress,07-3362629
623,Lehner-Gottlieb,Ula Scamaden,35-5039781
624,Monahan and Sons,Kelley Poundford,57-6364531
625,"Schneider, Walsh and Gottlieb",Kelley Jurn,52-7261544
626,Toy and Sons,Randee Pleven,19-7907117
627,Johnson and Sons,Emalee Bolino,05-0805023
628,Hackett-Carroll,Car Remirez,13-8621207
629,McGlynn-Schuppe,Sasha Spottiswoode,20-7802866
630,Bernier-Johnson,Pia Prahm,39-5741607
631,Beatty Inc,Etheline Ellit,63-1923193
632,"Paucek, Powlowski and Deckow",Celia Sexton,20-1775887
633,"Friesen, Schiller and D'Amore",Nolan Joselson,93-3521274
634,Cronin and Sons,Carmen Blazeby,33-9996700
635,Bruen-Jacobi,Hazel Sturridge,13-9345252
636,Schaden-Barton,Pansie Addey,99-8011729
637,Lebsack Inc,Tabb Bogays,68-1845236
638,Halvorson-Mertz,Emery Bullivent,33-2120975
639,"Kunze, Grady and Anderson",Orly Fredson,91-3105324
640,"Schiller, Thiel and Fisher",Trev Gawler,96-2171793
641,Mueller LLC,Christoph Judkins,91-6294588
642,Shields Group,Aron Cradock,06-6535919
643,"Hamill, Runolfsson and Mayert",Rene Kornel,60-3440248
644,"Erdman, Hagenes and O'Hara",Katlin Rasmus,01-2854470
645,Bednar Group,Bryna Reisenberg,89-1763662
646,"Abernathy, Herzog and Mraz",Herby Arnow,78-1247657
647,Langosh-Stoltenberg,Josie Robberecht,50-1060939
648,Connelly-Ratke,Darius Ludvigsen,60-0348901
649,Ortiz-Kiehn,Tann Thatcham,10-7918291
650,Fadel-Leffler,Josephina Rosenfrucht,05-9647760
651,Quitzon Group,Alfonse Bergin,07-5305662
652,"Koelpin, Parisian and Reinger",Den Yeandel,43-3547890
653,"Kemmer, Sipes and Schimmel",Kalie Holleworth,34-7494378
654,"Kuhic, Schumm and Klein",Carmela Betancourt,35-1168031
655,"Mayert, Upton and Walter",Blanche Fadden,77-6379865
656,Corkery-Bergnaum,Angelita Spindler,65-5819264
657,"Feil, Ledner and Donnelly",Aldis Nice,28-7942676
658,"Kertzmann, Monahan and Russel",Puff Summers,06-7847757
659,"Hagenes, Erdman and Treutel",Cchaddie Handling,99-4293350
660,VonRueden LLC,Borg Attewell,27-3922376
661,Watsica Group,Lucila Mongan,71-2196188
662,Wolff and Sons,Tammie Scorrer,42-7544928
663,Graham LLC,Ursuline Haste,80-6321561
664,"Goldner, Borer and Armstrong",Lizzie Shannahan,58-5503556
665,Powlowski LLC,Courtnay Croci,55-3372153
666,Tillman Group,Cassandre Conti,94-6371541
667,Gulgowski-Walsh,Laurice Hegel,91-7404717
668,"Kessler, Zieme and Schaefer",Con Kinzel,71-1306458
669,Treutel LLC,Simona Coxhell,56-9168976
670,"Ruecker, Keeling and Lockman",Prudi Bagshaw,87-0666143
671,"Ankunding, Kiehn and Pouros",Antone Poleykett,22-9883623
672,Zemlak LLC,Carolynn Barson,67-2300796
673,Bogan-Kunde,Sashenka Chill,37-2182740
674,Schmitt LLC,Connie Mockes,71-0809364
675,"Rice, Bosco and Swaniawski",Emmery De Rechter,73-4946855
676,"Bartoletti, Jacobson and Durgan",Hanna Leades,68-6533872
677,Friesen-Heller,Arabela Balmforth,82-1642502
678,Schowalter Inc,Griffith Wixey,47-5570788
679,Corwin-Connelly,Charmine Crutchley,84-2221554
680,"Zieme, Koch and Barton",Augusto Phillimore,59-0654783
681,Lang Group,Esmaria Andrich,28-0139588
682,Conroy Inc,Land Yitzovitz,18-5865689
683,King Group,Yvor Blenkinship,92-8737807
684,Reichert and Sons,Forbes Hubeaux,80-0106015
685,Upton LLC,Doreen Martygin,48-0423910
686,Casper-Price,Page Griffithe,69-1518805
687,"Leffler, Cummings and Rolfson",Fayina Haxley,61-5619532
688,Zulauf LLC,Anna-diana MacCaughey,17-8938946
689,Konopelski Group,Julia Jonsson,56-7536831
690,Bins-Conn,Corey Monument,10-3247234
691,"Rogahn, DuBuque and Erdman",Jerad Martelet,20-9596431
692,McCullough and Sons,Mervin Bocking,22-6747513
693,Renner LLC,Meaghan Killgus,78-6418756
694,Tromp LLC,Burnard Tiron,28-3539364
695,"Bartell, Larkin and Hammes",Elicia Rexworthy,72-1195985
696,"Will, Dietrich and Okuneva",Carolina Popov,28-9381665
697,Haley-Murazik,Libbie Studdert,79-2360682
698,Ryan and Sons,Corey Archell,66-3549178
699,Yundt-Hegmann,Electra Yaneev,27-0363032
700,Dickinson-Volkman,Freddy Carnock,28-4407726
701,Gleason-Jaskolski,Valentia Easterfield,86-3441628
702,"McGlynn, Kozey and Walsh",Jody Andri,55-3698292
703,Lowe Inc,Orly Vasyagin,30-7436027
704,Hintz-Windler,Enos Benoix,57-6958815
705,"Kuvalis, Predovic and Moore",Moses Shalders,69-2571289
706,"Hand, White and Lemke",Morley Dunkerly,95-0685601
707,"Bradtke, White and Mayert",Phillipp Gooding,70-5327529
708,Reichert and Sons,Angy Sommerling,28-7853456
709,Considine Group,Gare Wessing,77-7780116
710,"Lindgren, Labadie and Jacobson",Seana Chellam,76-4080749
711,Russel and Sons,Brande Cheyney,84-2604795
712,"Hamill, Cummerata and Durgan",Joana Viollet,24-6865305
713,"Wiegand, Prohaska and Stark",Luciana Atack,62-4487919
714,"Prohaska, Beatty and Brekke",Lorry Houlworth,23-3921250
715,Bailey and Sons,Farra Waring,34-9082983
716,"Dach, DuBuque and Ankunding",Bride Bellinger,70-3629608
717,Weimann-Schmitt,Devonna Jewise,65-3516426
718,"Tremblay, Lynch and Walsh",Holt Yewman,98-8146143
719,"Rice, Corwin and Kutch",Jaime Shelford,53-2521924
720,"Simonis, Tremblay and Reinger",Winslow Torvey,64-8396407
721,"Hoeger, Abernathy and Welch",Erhard Maciunas,34-5086350
722,Connelly LLC,Andrea Milburne,02-6934148
723,Donnelly-Maggio,Alain Swanwick,41-2852199
724,"Hilll, Purdy and Breitenberg",Art Tiffney,83-7781128
725,Larkin-Medhurst,Jackie Bantock,94-2529809
726,Kulas LLC,Leif Bubbear,83-4533702
727,Schaden-Schulist,Sherman Rasher,74-5817880
728,D'Amore-Hagenes,Caesar Sonner,94-8602350
729,"Dietrich, Cummings and Schuppe",Elwira Boodell,08-0464973
730,Larkin Inc,Suzy O'Kennavain,30-2288878
731,Botsford Group,Toby Callen,18-4183595
732,Miller Inc,Marysa Pargent,13-1700889
733,Hoeger Inc,Torre Kitchin,81-7618281
734,Langosh and Sons,Kessiah Shelborne,06-2166075
735,Howell LLC,Cornell Rysdale,28-4161831
736,Glover-Watsica,Laney Fillingham,95-8848739
737,"Kuvalis, Jakubowski and Leannon",Lisette Lount,79-9590705
738,Hegmann Inc,Gwen Ferrand,65-6328426
739,Lesch LLC,Orella Pinks,02-9342164
740,"Huels, Schultz and Schroeder",Giffard Monelle,36-3855140
741,Kutch LLC,Siouxie Brimicombe,91-4330786
742,Bartell-Rogahn,Humfried Gorton,31-9085234
743,Lueilwitz Group,Alano Lindley,06-0354552
744,Kulas and Sons,Abbe Burdas,90-6648073
745,Jerde-Jenkins,Keary Gebuhr,75-6883483
746,Schroeder-Barrows,Andras Trail,80-4537348
747,"Jacobs, Kreiger and Roob",Atalanta Shawcross,94-5325528
748,"Nikolaus, Crooks and West",Dixie Barnham,41-2049413
749,Murazik-Stark,Zacherie Fearne,50-5955525
750,"Olson, Turner and Sporer",Burlie Lopes,19-3484936
