AccountID,DateOfBirth,FirstName,LastName
1,03/17/1955,Fernando,Haburne
2,04/30/2014,Karlan,Pletts
3,05/22/1956,Ronnie,Gilliard
4,09/22/1957,Simeon,Scahill
5,01/19/1961,Garik,Sterry
6,12/29/2001,Kissiah,Merigeau
7,11/11/2022,Waring,Dawtre
8,06/21/1955,Kaila,O'Riordan
9,10/23/1982,Goraud,Aery
10,09/15/1987,Bengt,Narramore
11,02/10/2017,Nicolis,Huthart
12,12/08/1985,Kristopher,Faircley
13,07/20/2000,Gradey,Ungerechts
14,06/05/1962,Felicia,Gabby
15,11/03/2004,Elisha,Freddi
16,09/26/1954,Ailina,Harbage
17,07/19/1984,Bibbie,Rosenqvist
18,07/13/1972,Philippe,Roundtree
19,12/16/1970,Gunilla,McCaighey
20,02/21/1963,Olympe,Brockie
21,08/26/1963,Porter,Stennet
22,03/29/1971,Bronson,Barnham
23,02/21/1994,Yuma,Borrott
24,05/15/1952,Trueman,Imison
25,11/21/1983,Lissa,Sayers
26,02/02/2023,Bondie,Hattiff
27,02/11/2000,Marget,Elfes
28,11/12/2003,Ludovika,Dougher
29,06/19/2008,Marci,Brew
30,09/09/2014,Phylys,Skelhorn
31,05/19/2011,Ase,Mangenet
32,07/18/1985,Kalli,Anand
33,10/10/1990,Dilan,Howsan
34,07/27/2004,Aida,Langmaid
35,05/06/1961,Mandie,Cucinotta
36,12/21/2017,Dal,Blemen
37,08/01/1988,Elwin,McGowran
38,12/22/1970,Guy,Cureton
39,08/06/2012,Gabriell,Linnane
40,09/08/1968,Cookie,Edison
41,11/15/1986,Kenon,Lumsdaine
42,04/17/1965,Harvey,Mitchell
43,06/08/1956,Kikelia,Cummings
44,03/21/1958,Horatia,Middlebrook
45,03/22/1981,Neville,Hakonsson
46,05/18/1995,Carmen,Furmenger
47,11/21/2022,Jerome,McCardle
48,03/27/2008,Melinda,Tickner
49,04/06/1998,Abeu,Mabone
50,02/26/1995,Wilmette,Garaghan
51,09/11/2012,Pearl,Deackes
52,12/29/1995,Johnette,Echelle
53,06/16/1967,Irv,Hearnah
54,11/25/1995,Tisha,Tyrie
55,06/29/1994,Hermine,Knapman
56,11/29/1950,Filbert,Warby
57,12/14/2004,Caprice,Gelland
58,05/26/1969,Filip,MacKibbon
59,04/20/1987,Beryle,Humphery
60,07/09/2017,Gualterio,Knellen
61,12/18/1999,Clement,Abramovic
62,09/07/2016,Sayre,Monery
63,04/02/2017,Mahalia,Jakubski
64,11/14/1976,Tony,Lavell
65,08/18/1981,Nickie,Kelbie
66,09/20/2023,Mabelle,Ricardot
67,01/22/2020,Zelig,Evangelinos
68,04/08/2023,Waylon,Johnes
69,07/15/2006,Dene,Simonnet
70,10/28/2005,Adele,Launder
71,08/21/1984,Zsazsa,Romi
72,08/27/2007,Sherri,Hillatt
73,09/26/1955,Carly,Heinschke
74,08/05/2003,Blakelee,Suffe
75,03/28/1960,Lebbie,Degoy
76,05/13/1957,Tobey,Toffoloni
77,12/13/1993,Pate,Glisane
78,04/07/1991,Cam,Guido
79,12/07/1978,Hinda,Gilders
80,06/24/1989,Klaus,Lomansey
81,02/25/1950,Rhody,Spearing
82,12/22/1978,Jay,Dieton
83,10/23/2022,Nahum,Steart
84,11/03/1951,Willette,Breawood
85,08/05/2015,Amery,Cleverley
86,06/04/1960,Dannie,Ilyinski
87,01/11/2021,Salome,Courtonne
88,04/28/2000,Papageno,Dornan
89,03/28/1984,Rooney,Lanmeid
90,03/02/1991,Coleen,Cumpsty
91,11/22/2013,Melli,Beneteau
92,12/10/1958,Warde,Brunskill
93,02/16/2007,Chauncey,Lowder
94,06/22/2005,Jesse,Seyler
95,03/06/2022,Quentin,Blonden
96,06/05/1999,Malcolm,McKeurton
97,11/08/1979,Carney,Skerritt
98,08/18/1993,Marty,Hurdidge
99,07/23/2013,Ralina,Scotford
100,03/27/2017,Nickolas,Touhig
101,10/02/1959,Lenee,Chasteau
102,07/17/2022,Erwin,Vanyukhin
103,04/05/2008,Kaela,Flockhart
104,11/06/1999,Riki,Pelchat
105,02/23/1971,Rourke,Juara
106,09/18/1971,Lyndell,Slaten
107,02/04/2020,Alexi,Falkner
108,09/29/2023,Gus,Snellman
109,04/15/1978,Herschel,Ladell
110,06/09/1998,Thomasina,Rawson
111,07/07/1964,Sallyann,Ivashinnikov
112,09/20/1980,Guillermo,Meins
113,10/29/2012,Egan,Donneely
114,06/07/2014,Elvin,Cruess
115,10/09/1984,Vonny,Vouls
116,04/20/1999,Randie,Corkett
117,07/27/1995,Pennie,Gunney
118,03/12/1955,Bernie,Spellessy
119,12/13/1967,Gray,Houlworth
120,08/04/2015,Lyon,Remington
121,05/14/2000,Gianni,McGilleghole
122,12/27/1983,Gerome,Macconaghy
123,08/22/1986,Raddy,Dallon
124,08/31/2000,Jocelin,Yakebovitch
125,11/03/1966,Casper,Thurby
126,11/03/1984,Loni,Vasyutochkin
127,04/11/1978,Cortie,Cobbald
128,09/03/1999,Dorine,Mullard
129,01/26/1999,Sanson,Lampkin
130,12/30/1957,Noreen,Yakushkin
131,10/18/1984,Callean,Visco
132,11/07/1964,Verena,Kesley
133,04/13/2007,Woodman,Jarrad
134,12/13/2013,Zed,Gamblin
135,01/27/1975,Layla,Pollak
136,06/22/1981,Candra,Delhanty
137,02/08/1957,Lester,Wortley
138,08/22/1993,Laurence,Luisetti
139,03/02/2011,Maude,Lowle
140,01/26/1984,Norry,Excell
141,07/05/1976,Winny,Tremolieres
142,06/13/1955,Rosetta,Elderton
143,07/06/1952,Rudolf,Humerstone
144,06/09/1978,Dermot,Catford
145,12/31/1952,Denys,Penny
146,09/26/1996,Duke,Dabbs
147,08/05/1958,Cherie,Asser
148,05/05/1987,Curcio,Selbie
149,12/10/1960,Paton,Segoe
150,05/29/1995,Hedvig,Conws
151,03/01/2001,Elisa,Soares
152,02/26/1959,Minna,McQuillan
153,04/12/1992,Caresa,Rennie
154,02/20/1981,Prue,Redington
155,07/26/1985,Lorie,Fleote
156,10/21/2011,Lainey,O'Connell
157,03/18/1985,Lexie,Martensen
158,01/22/1977,Vanda,Vine
159,10/07/2015,Brade,Schohier
160,06/19/1987,Anthony,Astill
161,07/01/1999,Mair,Boecke
162,03/23/1963,Sandro,Simnor
163,04/27/1991,Josee,Dayer
164,04/24/1960,Maxy,Jacke
165,12/01/1958,Alvira,Walkden
166,11/10/1981,Adrea,Kupker
167,02/16/1983,Christie,Djorvic
168,03/15/1985,Abba,Kleinberer
169,03/26/2021,Dillon,Pocklington
170,11/15/1960,Mart,Dolder
171,09/14/2005,Bonnee,Gibbon
172,10/10/1954,Niki,Yair
173,12/28/2008,Maegan,Orsi
174,06/10/1964,Hallie,Jobe
175,07/27/1974,Antin,Rushmare
176,01/21/1950,Hakim,Howitt
177,05/14/2013,Joseph,Simeonov
178,12/01/1953,Gerianna,Tavener
179,09/30/1987,Niccolo,Scotchmor
180,07/22/1953,Lawrence,Muckian
181,09/22/1982,Quentin,Bergen
182,09/18/2017,Cloris,Sillwood
183,03/10/2009,Ora,McGeachey
184,09/13/2018,Marena,Huston
185,07/30/2011,Charisse,de Cullip
186,11/17/2010,Everett,Bendik
187,05/01/1982,Jennie,Cage
188,10/16/2010,Joey,Sandiford
189,11/30/2011,Fredi,Donoher
190,10/11/1973,Ailis,Pikett
191,02/03/1994,Jacklyn,Brotherton
192,05/05/1981,Randy,Ralphs
193,04/29/2018,Randall,Dodman
194,06/24/1958,Gus,Ruste
195,03/19/1984,Stevana,Towndrow
196,04/25/1997,Charlene,Blei
197,08/09/1993,Horatio,Smitheram
198,05/14/2000,Giustina,Ommundsen
199,05/03/2003,Zebadiah,Dofty
200,07/02/2010,Chris,Rillatt
201,02/16/2004,Eli,Fisby
202,10/14/1978,Tamarra,Calleja
203,08/06/1997,Vanna,Vasler
204,05/16/1986,De witt,Dutt
205,07/11/1964,Shelba,Streeten
206,12/02/2010,Bayard,Knagges
207,10/21/1951,Alanson,Berrisford
208,08/04/1987,Maurits,Albrooke
209,04/14/1980,Boot,McNab
210,07/31/2009,Maura,Bulloch
211,06/12/2014,Ashien,Glozman
212,10/31/1976,Montague,Olyfat
213,09/17/2022,Adolf,Mixon
214,07/17/2018,Bearnard,Kohlerman
215,05/20/1962,Gonzalo,Brigshaw
216,05/18/1951,Glennie,Smallacombe
217,01/01/1954,Nathaniel,Glawsop
218,06/12/1953,Gnni,Laborda
219,02/24/1967,Jannelle,Alldis
220,06/13/2003,Korney,Minett
221,10/15/2015,Gaylord,Cuttin
222,04/10/1962,Leif,Brafferton
223,03/05/1966,Torie,Blewis
224,03/04/1998,Jamal,Corde
225,08/27/1984,Fiona,Coronado
226,11/30/1957,Lexis,Gauge
227,04/06/1975,Tansy,Elphinstone
228,03/29/1995,Helen,Isenor
229,07/03/2010,Bartholomeus,Quittonden
230,11/23/2018,Peri,Gobert
231,06/09/1973,Shaine,Trytsman
232,03/17/1988,Frans,Pirkis
233,11/27/2010,Shandee,Jeans
234,01/12/1992,Lacey,Fieller
235,12/09/1962,Hilliary,Ormerod
236,08/25/2016,Abe,Fochs
237,02/23/1955,Jerrome,Sandford
238,03/12/1962,Randolph,Testin
239,03/08/1984,Gilda,Maude
240,05/11/1965,Vanessa,Ellacombe
241,02/17/1995,Janith,McTrustie
242,08/13/1968,Korrie,Davys
243,03/19/1993,Pamelina,Shade
244,01/08/2017,Toby,Overel
245,09/30/1969,Brittany,Billings
246,09/04/1987,Carmela,Karim
247,02/12/1991,Katine,Funnell
248,04/21/2000,Shem,Wisniewski
249,03/31/1972,Charis,Villiers
250,05/28/1982,Sarge,Fayerman
251,01/13/1977,Kenneth,Cordobes
252,06/22/1960,Farrel,Mariotte
253,03/17/1966,Ferrell,Bevar
254,04/01/1997,Chanda,Dimitrescu
255,12/29/1998,Anne,Steiner
256,12/11/2022,Alexandra,Umbert
257,04/20/2013,Karney,Wanley
258,11/15/1980,Nikolia,Tomicki
259,04/07/1962,Roderigo,Hanmer
260,10/06/1990,Billie,Attrie
261,12/21/1981,Benedetta,Bridson
262,06/23/1976,Myrilla,McIlenna
263,02/11/1981,Ikey,McCroary
264,11/01/1991,Burnard,Jerosch
265,08/30/1950,Ruggiero,Woodfine
266,06/16/1963,Katerine,Strippling
267,10/03/1970,Boothe,Poulden
268,05/14/2024,Timmie,Coyne
269,09/02/2015,Ramonda,Sperling
270,08/26/1977,Dyanna,Pernell
271,06/02/1953,Odelinda,Reven
272,05/31/2009,Rosaline,Janks
273,11/11/2007,Ring,Cronin
274,01/24/1981,Horatia,Dodgshun
275,10/22/1960,Lynea,Armsby
276,10/16/1969,Ailsun,Treby
277,03/22/2020,Kizzee,Boyson
278,07/12/1995,Fancie,Irce
279,01/27/1986,Bastian,Dowyer
280,07/24/1957,Francisco,Zimmermanns
281,06/05/1979,Che,Blaycock
282,12/30/1996,Velma,Hackinge
283,03/03/1951,Kendall,Agus
284,09/23/1952,Danie,Eudall
285,04/26/2010,Emmott,Overnell
286,11/16/1961,Constance,Peirson
287,03/19/2005,Hilton,Medler
288,01/08/2015,Tait,Clemmen
289,04/24/2020,Xena,Medford
290,08/14/1989,Jesse,Abbate
291,01/03/1960,Elisabetta,Sabbin
292,07/28/2020,Aliza,Doveston
293,10/02/2020,Mortie,Yegoshin
294,03/29/1998,Michal,Rhelton
295,06/30/1960,Lina,Mosey
296,06/22/1990,Luis,MacDwyer
297,01/02/1965,Davidson,McCathy
298,05/06/1990,Muffin,Swayte
299,11/14/1971,Clarabelle,Udie
300,10/18/1977,Issiah,Halston
301,12/14/2021,Ephrayim,Wenzel
302,02/13/1959,Cyndy,Wittman
303,02/17/2019,Pier,Jerzyk
304,07/18/1986,Nichol,Caple
305,04/26/1996,Dari,Boscher
306,01/21/1974,Nicola,McKeating
307,06/30/1964,Joshia,MacShirrie
308,02/27/2003,Rudyard,Lindberg
309,06/10/1995,Marven,Kingcott
310,03/23/2017,Marlee,Truswell
311,05/16/1998,Hervey,McDonagh
312,09/23/1981,Samantha,Officer
313,08/11/2018,Pattin,Thorneley
314,10/23/1977,Saw,Stallworth
315,11/10/1964,Leoline,Tabbitt
316,02/26/1959,Merlina,Gower
317,05/29/1970,Selig,Wellbelove
318,09/08/1972,D'arcy,Ackery
319,04/29/1966,Giorgio,Colbourne
320,06/25/2014,Lemuel,Pease
321,01/08/2008,Felic,York
322,06/06/1977,Holmes,Basey
323,01/18/2024,Alyce,Jaffrey
324,12/26/2020,Winston,Okenden
325,08/27/2003,Irving,Casier
326,07/27/2017,Albrecht,MacGilrewy
327,10/20/2023,Grant,Ratlee
328,07/15/1991,Lyn,Friedman
329,03/30/2004,Baryram,Danaher
330,07/07/2018,Louise,MacArthur
331,02/11/1950,Briant,Pendrigh
332,06/14/2003,Kiley,Candie
333,04/13/2010,Dottie,Halsted
334,10/05/1976,Orson,McMurraya
335,06/24/2003,Walt,Rosi
336,05/14/1973,Lisette,Rodenhurst
337,03/11/2000,Adelind,Feckey
338,08/12/2001,Noel,Jurek
339,04/18/1985,Muffin,Norwell
340,12/10/1965,Gayler,Brammer
341,05/01/1969,Gerick,Ryson
342,05/31/1987,Sal,Honnicott
343,06/20/2003,Truman,Ludwell
344,10/03/1976,Augustine,Kollasch
345,02/05/2017,Annabelle,Grunguer
346,01/09/1977,Tracey,Abrahamson
347,10/02/2011,Jolee,Rushmer
348,12/18/1981,Ina,Capponer
349,08/25/2011,Myles,Farrier
350,01/26/2016,Quintana,Sanja
351,05/21/2016,Stormy,Dutt
352,06/03/1954,Cam,Parsonage
353,07/10/1975,Margalo,Pymer
354,02/13/1957,Seline,Shillabeer
355,07/21/1993,Loraine,Kirkby
356,09/17/2024,Hailee,Pierton
357,10/10/1970,Hersch,Bonnett
358,12/19/1973,Calv,Kolodziejski
359,10/05/2015,Coralie,Whinray
360,05/20/1967,Emmett,Beecham
361,05/16/1959,Thomasina,Itzkovsky
362,11/28/1993,Herbert,Lukehurst
363,06/11/1984,Dorothy,Jimeno
364,04/01/2008,Karena,Cubbini
365,04/21/1995,Emmalynne,Cleary
366,04/09/2010,Rutter,Hegarty
367,06/26/1974,Caesar,Joul
368,01/08/2005,Adella,Huriche
369,07/14/1954,Melicent,Diss
370,04/15/1985,Nathalie,Gilardengo
371,09/08/1994,Had,Hansie
372,07/18/2023,Pete,Maudett
373,10/05/1957,Ruthann,Mouat
374,03/04/1958,Conroy,Espinay
375,10/11/2002,Maryl,Gaythwaite
376,08/08/2007,Colline,Medendorp
377,09/02/1963,Galina,Cosford
378,03/29/1998,Nester,Briscow
379,10/31/2009,Avril,Anear
380,12/30/2001,Axel,Colby
381,12/14/1953,Glenna,Manville
382,10/28/1999,Allyn,Pardal
383,08/05/2008,Clareta,Yaus
384,07/16/1991,Jeni,Leon
385,10/20/1962,Bram,Veivers
386,11/21/1990,Mariya,Flewan
387,05/10/2017,Barnaby,Pakenham
388,06/18/2011,Atlanta,Rubenov
389,11/01/1978,Rici,McCay
390,07/30/1959,Dinnie,Bursnoll
391,05/14/2021,Allyn,Mahmood
392,09/26/1984,Catarina,Purkis
393,05/27/1986,Basilio,Boynes
394,09/13/2006,Laurene,Curreen
395,08/03/1979,Kimmy,Syer
396,04/09/2011,Tarrance,Corrison
397,01/14/1972,Silvana,Gehrels
398,02/16/1978,Leann,Willford
399,04/14/2006,Cass,Edland
400,08/25/1984,Celinka,Brogini
401,01/05/2009,Bobbette,Cregg
402,05/12/1998,Eveleen,Griston
403,02/10/2018,Wilhelmine,Yurchenko
404,02/21/1963,Aloysius,Monahan
405,02/11/1972,Avis,Hoyles
406,07/31/1958,Linda,Barlace
407,06/25/2004,Atalanta,Ciccotto
408,09/09/2016,Godwin,O'Carran
409,08/04/1979,Garold,Roast
410,05/11/1960,Adria,Douse
411,05/25/2016,Gearard,Pendleberry
412,03/14/1966,Leeanne,Kitchaside
413,01/08/1979,Vincenz,Habbal
414,02/17/1994,Roda,Vaune
415,07/15/1966,Derick,Casiero
416,05/20/1952,Guido,Edgeson
417,07/31/1982,Marijn,Blest
418,04/07/1995,Elwood,Tomaszek
419,10/25/1986,Bernard,Kirwan
420,06/26/2023,Niki,Konke
421,01/18/1986,Roshelle,Carwithan
422,03/10/1985,Vasilis,Bulstrode
423,10/17/1996,Gussy,Croser
424,10/20/2007,Horst,Wakeford
425,01/25/1956,Caralie,Ballach
426,12/11/1961,Adrianna,Emmanueli
427,11/25/2021,Pippa,Keyhoe
428,04/24/1985,Rebecca,Hartzog
429,06/20/1978,Roscoe,Larkby
430,06/13/1980,Spike,Melley
431,07/13/1980,Godiva,Scutcheon
432,04/15/1958,Nicol,Arden
433,12/05/2004,Aryn,Fumagall
434,11/04/1996,Gale,Nehl
435,10/14/1995,Floyd,Myott
436,10/19/1992,Virgie,Drake
437,08/30/1988,Darnall,Fontel
438,05/29/1951,Elmer,Clac
439,03/02/1999,Piper,Huerta
440,01/26/1973,Hunt,Siddens
441,10/21/2001,Karilynn,Vandrill
442,07/07/1976,Arri,MacAlester
443,06/05/1993,Colly,Jesteco
444,12/08/1963,Selma,Bruniges
445,07/23/2014,Belita,Hyde-Chambers
446,05/11/2004,Kippie,Coon
447,02/24/1970,Kim,Rebert
448,01/26/1997,Claudina,Downage
449,04/21/1953,Enrika,Bethune
450,03/18/2020,Derrik,Neely
451,03/01/1978,Cherry,Leet
452,07/26/2009,Raphaela,Banford
453,12/10/2019,Gregorio,Emmens
454,05/30/1992,Christean,Vallantine
455,04/13/1959,Ferdinand,Noah
456,02/24/1973,Leigh,Blucher
457,04/28/1992,Hershel,Haton
458,05/18/1957,Courtney,Swyer
459,04/20/1993,Townsend,Lockwood
460,10/25/1955,Dane,Jelphs
461,05/20/1991,Germaine,Romain
462,03/25/1984,Scot,Lehrian
463,10/15/2000,Gayle,Rediers
464,09/13/2017,Aubrie,O'Dowgaine
465,06/28/2023,Pietra,Lindblad
466,10/27/2022,Iago,Blunderfield
467,07/23/1965,Barnett,Shere
468,04/26/2014,Lucille,McGarrell
469,04/10/2006,Nike,Goldis
470,12/12/1968,Omero,Poller
471,06/20/1991,Gerhardine,Ceaplen
472,06/05/2022,Christoffer,Barkaway
473,07/16/1965,Skelly,Heningham
474,06/18/2021,Angelique,Garnsworth
475,08/20/1979,Flinn,Paddon
476,06/07/1954,Karlotte,Reinbech
477,06/29/1991,Ethyl,Tregenza
478,07/10/1992,Adina,Lamasna
479,11/12/1956,Kalila,Le Clercq
480,06/03/1963,Guendolen,Clare
481,11/14/1974,Kaylil,McDowall
482,10/13/2009,Rita,Coppenhall
483,04/02/2021,Milly,Behnen
484,01/31/2012,Ichabod,Dwelley
485,09/08/2011,Bettine,Belasco
486,08/23/1963,Imelda,Pomphrey
487,08/22/1954,Berri,Russel
488,09/03/1956,Wenona,Hasker
489,01/28/2020,Mia,Brockelsby
490,06/29/1985,Fredrick,Blackborow
491,08/03/1984,Raine,Webling
492,03/12/2010,Bettine,Farlane
493,06/12/1964,Sasha,Thomelin
494,10/25/1971,Dore,Hallifax
495,01/07/1988,Honey,Weddeburn
496,02/25/1950,Prent,Haddinton
497,05/22/1984,Dasi,Smidmor
498,10/16/1987,Johnnie,Dee
499,04/13/1950,Ferdy,Heinzler
500,06/11/1967,Yuri,Fettes
501,05/08/2024,Bern,Keighly
502,02/04/1971,Corabella,Sipson
503,11/16/1976,Max,McHale
504,08/05/1957,Lowe,Willford
505,12/24/1956,Lionel,Babber
506,02/25/2015,Aileen,Galia
507,07/03/2019,Carlynne,Neames
508,01/26/2000,Oona,Bettenay
509,08/21/1968,Polly,Jerman
510,07/08/2003,Carmen,Gocke
511,05/29/2009,Lawrence,Joselin
512,06/18/2001,Janean,Belderfield
513,03/17/1997,Prescott,Weber
514,02/05/1969,Hillyer,Massen
515,10/09/2017,Andre,MacVagh
516,01/24/1969,Larissa,Jendrich
517,02/20/2005,Juan,Riccetti
518,07/05/1963,Dallas,Vila
519,12/07/1975,Karlotte,Musicka
520,05/31/2003,Mannie,Thuillier
521,08/20/1975,Cate,Gomes
522,01/17/1960,Fredek,Elgey
523,10/17/2020,Inga,O'Cooney
524,04/17/2012,Cinderella,Dumbar
525,04/24/1974,Betty,Morin
