AccountID,BusinessName,ContactPerson,TaxID
801,"Balistreri, Hintz and Hirthe",Adelind Hartshorn,39-9716657
802,Franecki LLC,Benedetto Sowood,96-8920606
803,Padberg and Sons,Murvyn Kimbell,49-2389259
804,Hills Inc,Sigfried Dedham,30-9840801
805,Homenick Group,Reinald Milthorpe,22-3019864
806,Block LLC,Timoteo McAteer,41-4288838
807,"Quigley, Bradtke and Reichert",Kelcy McNamee,46-6102332
808,Spencer Inc,Far Baudacci,76-5724384
809,Schaefer Inc,Inez Longford,25-3276609
810,Dicki-Herman,Shay Torel,01-9865594
811,Ryan-Stamm,Judith Lisett,67-7990746
812,"Johnston, Nicolas and Cormier",Isahella Pechet,04-8077918
813,Hilll and Sons,Fancie Sweetman,58-8661649
814,"Romaguera, Reichel and Mueller",Norrie Boshard,74-6029976
815,Kertzmann Group,Rhett Zannolli,82-2404914
816,"Kiehn, Cartwright and Schroeder",Gorden Coste,45-6979325
817,Renner Inc,Bernadette Blackie,78-7867922
818,Beier and Sons,Westleigh Cromblehome,15-3642946
819,"Swift, Bins and Casper",Crosby Garnett,22-8439818
820,Kuphal and Sons,Concettina Ivushkin,77-4450164
821,Ratke-Braun,Trudey McShea,44-5452826
822,"Ferry, Schoen and Conroy",Arlette Rheubottom,53-6416334
823,Hintz and Sons,Cthrine Whyte,06-1962638
824,Feest-Rippin,Aubree Cardozo,16-5580013
825,Terry-Rosenbaum,Caddric Upfold,54-0127431
826,Tillman-Bahringer,Donny Eddowis,82-7375768
827,Reilly LLC,Margalit Pawsey,76-2562369
828,Stehr LLC,Kalina Greger,61-2147882
829,"Ruecker, Koch and Wintheiser",Clint Nester,63-5840904
830,Jakubowski-Howell,Laurence Brokenbrow,75-0065392
831,Harris and Sons,Lucien Aleksidze,17-6904729
832,"Greenholt, Mitchell and Olson",Clyve Persent,54-9839805
833,Borer Group,Norton Buckbee,84-2417403
834,"Luettgen, Kilback and Satterfield",Hilario Ruppeli,61-6098558
835,King Inc,Demetris Phalp,27-0966683
836,"Pacocha, Will and O'Conner",Charlton Keynes,01-8711874
837,Schroeder Group,Alanson Gilffilland,11-8070150
838,"Cormier, Turner and Altenwerth",Waverley Leddy,11-3894474
839,"Ferry, Huel and Haag",Elvin Reven,28-3875606
840,Moore LLC,Merna Feathersby,16-6851234
841,Muller Group,Farrah Tantrum,19-5620055
842,"DuBuque, Tromp and Yost",Orsa Burleton,49-4118914
843,Berge-Gulgowski,Gunther Brion,35-4646687
844,"Ondricka, Berge and Feest",Kaitlynn Partridge,17-0836397
845,Daniel-Jacobs,Lulita Melbury,30-8849954
846,Windler-Kuhic,Morse Prynne,11-8888467
847,"Thiel, Ortiz and DuBuque",Ollie Retchless,62-5322814
848,"Muller, Lakin and Koepp",Ethelin McGriffin,99-8853240
849,Lakin-Dickinson,Basile Filoniere,91-8522850
850,"Torp, Stark and Monahan",Devondra Giddens,30-8696926
851,"Goodwin, Stehr and Stroman",Greggory Fromant,46-4935247
852,"Brown, Weber and Ortiz",Melinda Garnett,98-0760713
853,"O'Hara, Gottlieb and Stroman",Celinka Duchasteau,10-7221497
854,Mayert Inc,Konstanze Taylour,53-8619570
855,Spinka-Hane,Peyter Tibbs,08-2837272
856,Upton Group,Katalin Gethouse,86-4299650
857,"Morar, Morar and Bosco",David Castagna,19-0563872
858,"Ward, Morissette and Halvorson",Orran Ellings,86-0085390
859,Reichel Group,Jada Chasen,53-8745351
860,Dach and Sons,Annmarie Lilburn,53-7288994
861,Larson Group,Nataniel Richemond,89-2902254
862,Monahan Group,Carlin Braundt,35-9859114
863,Gibson Group,Shelton Davidovich,69-7355341
864,Bashirian-Blick,Alexio Franscioni,84-8161293
865,"Beier, Kovacek and Littel",Ancell de Zamora,07-7302404
866,Legros LLC,Ingar Colbrun,91-7864672
867,"Swaniawski, Russel and Brakus",Raimundo Marklund,99-6407882
868,Wyman-Labadie,Shina Augar,79-5189174
869,Quitzon Inc,Missy Dudman,91-3138531
870,Hettinger Inc,Vincents Comiam,24-0655594
871,Hilpert-Lubowitz,Olin Dymick,73-6313247
872,Muller and Sons,Halimeda Merle,74-5992637
873,White-Wolff,Ibrahim Winteringham,47-6884596
874,Weimann and Sons,Tod Boule,37-7121447
875,Baumbach Group,Wren Burchatt,86-9707350
876,Prosacco and Sons,Danette Clements,66-5475011
877,Osinski Group,Jyoti Fenich,20-3740045
878,Kling-Ledner,Rosabel Elleton,06-6979157
879,"Davis, Volkman and Zboncak",Anett Cloney,58-1023345
880,Stehr-Heller,Rafaela Athy,68-8397675
881,"Thiel, Fay and Torp",Randy Bussons,70-8833071
882,Reichert Group,Cal Reisen,86-5505821
883,Torp and Sons,Reamonn Reggiani,05-6500355
884,"Wyman, Jacobi and Graham",Genovera Knewstubb,92-1239945
885,Nikolaus Group,Myrvyn Le Friec,87-2654823
886,Jerde-Schiller,Demetris Darey,46-0040132
887,"Ebert, Schmidt and Wisoky",Shandee Wison,21-1706846
888,O'Kon-Crooks,Gabbie Dring,40-4792141
889,Bernier Group,Olly Bahls,19-1625089
890,"Gislason, Ortiz and Kulas",Michele Baccup,65-4035607
891,Goodwin-Macejkovic,Kristoforo McIlhatton,19-8959512
892,Von Group,Alisha Walworche,44-8421958
893,Corkery and Sons,Jenni Goadby,36-6756856
894,Treutel-West,Leonhard Carik,50-0790359
895,Hills LLC,Dalila Paudin,51-7904739
896,Conroy-Durgan,Anders Crone,47-0989333
897,"Corkery, Kshlerin and Tillman",Granny Chin,79-6976120
898,"Weimann, Ondricka and Rath",Samara Rattery,81-6310235
899,"Ziemann, Howe and Nicolas",Stanleigh de Courcey,27-5785028
900,Jaskolski-Lakin,Kitty McIlvenna,79-6126001
901,Kohler and Sons,Junia Wherry,01-6981024
902,Boyer LLC,Audre Sudran,86-4666570
903,Quitzon Inc,Carole Howcroft,19-2283553
904,Hilll LLC,Benedicto Strickland,87-7661304
905,Zemlak Group,Shirleen Stang-Gjertsen,33-9345997
906,Runolfsdottir LLC,Ulla Deluca,12-0116818
907,Connelly LLC,Nealy Drew-Clifton,34-9483112
908,Purdy Group,Maurita Agett,11-4089771
909,"Strosin, Moen and Towne",Ellynn Howden,56-4670854
910,Oberbrunner and Sons,Davie Feldbaum,86-5492604
911,Glover-Vandervort,Frazer Butler,58-8405021
912,Kreiger-Bahringer,Bertine Crease,18-0316209
913,Kovacek-Beahan,Pietro Cornelis,92-8003497
914,Reichert LLC,Danice Galliver,65-7048522
915,Heller-Beahan,Ernst Bythell,45-9694409
916,"Watsica, Dare and Bednar",Madeleine Huscroft,25-0877166
917,Brakus-Senger,Gipsy Grix,99-3468253
918,Hahn-Jones,Mercy Humphery,36-4087230
919,"Walter, Price and Cremin",Kean Zanitti,58-4248806
920,Ebert-Mueller,Lanie Webbe,73-4929944
921,Ratke and Sons,Fitzgerald Stivani,85-6601716
922,Walter-Howell,Florence Nelthropp,60-5749247
923,"Crist, Dooley and Lowe",Rosamund Treweke,30-0344249
924,Bergstrom-Rice,Tybalt Volet,31-7180782
925,Hudson-Runte,Jorgan Ortet,36-9657622
926,Hackett-Dickens,Ignace Pinson,49-0505686
927,Wehner-Daugherty,Emmaline Duckham,18-9417306
928,Yundt Inc,Andris Clemencon,40-4053907
929,Willms Group,Kelvin Sinkings,47-8251028
930,Swaniawski-Klocko,Bibbye Idwal Evans,18-9910141
931,Dicki Group,Burg Shalliker,22-0402972
932,"Fay, Hills and Spencer",Kandy Drakeford,64-9982481
933,Hoppe-Marks,Andrea Diboll,49-5816366
934,Sauer-Reichel,Anet Noton,21-4139712
935,Stark Inc,Vivyanne Kinton,91-5526801
936,Wilderman-Kuvalis,Amos Mayger,84-6819029
937,"Stehr, Feest and McGlynn",Morgun Trowsdale,46-0869487
938,"Goodwin, Purdy and Shields",Odetta Shiels,63-3794811
939,Vandervort Group,Madonna Hofer,18-0191017
940,Torphy-Kuhic,Laura Valadez,78-0587018
941,"Pagac, Lowe and Wisozk",Coreen Trevithick,54-4002704
942,Fadel LLC,Ossie Tabard,34-9120231
943,Miller LLC,Krishna Gumey,06-4662582
944,Wilderman-Schmitt,Rock Gossington,09-1273220
945,Hansen-Thiel,Marlena Southwick,24-0239601
946,Gibson Group,Cathrine Sagg,57-8585292
947,Cartwright-Hintz,Pegeen Pain,19-2571019
948,"Conroy, Huels and Daniel",Ashien Gibbings,56-3861268
949,"Russel, Moore and Lemke",Onida Mulvey,05-7593585
950,Huels Inc,Trix Rape,63-5867389
951,Collins LLC,Ekaterina Seery,17-4612061
952,"Kessler, Fritsch and Schinner",Nickolas Ungerer,95-0432136
953,"Volkman, Barrows and Simonis",Hannah Beynon,68-0898533
954,Doyle Inc,Flori Glencros,83-5317730
955,"O'Hara, Kirlin and Kunze",Gabriel McCart,75-0239654
956,Kuhn-Waters,Dewey Kondrat,31-6456028
957,Pfeffer-Heidenreich,Cosette Trevena,31-1560627
958,Ruecker LLC,Donnie Edson,59-2305814
959,Greenholt LLC,Georgena McCawley,33-8070827
960,"Erdman, Wilderman and Jakubowski",Brien Pacey,33-8845607
961,Cummings Group,Matias Harrad,49-2215722
962,Miller-Langosh,Jory Hartlebury,13-2049479
963,Bashirian Group,Shaughn Foli,79-5477760
964,Stehr Inc,Knox Scrange,97-6984114
965,Jacobs-Wintheiser,Vivyanne Pollett,58-8702064
966,Jacobson-Roberts,Sandor Gowry,77-1274294
967,Schimmel-Pagac,Jen Bretton,08-5005258
968,Barton-Koepp,Svend Gaenor,62-2960608
969,Dicki Inc,Morley Gabey,85-7455997
970,Kessler-Treutel,Jillayne McCallister,79-4333654
971,Wunsch and Sons,Steward Cratere,87-2336710
972,Fadel-Boehm,Sherline Guidotti,36-6196896
973,"Kreiger, Robel and Little",Datha Scorah,99-0519913
974,"Kassulke, Tillman and Dietrich",Kissiah Hastewell,52-1355570
975,"Streich, Quigley and Konopelski",Berny Whisker,48-5479241
976,"Turcotte, Fadel and Schinner",Blake Creenan,61-0442773
977,"Mueller, Davis and Schimmel",Modestine Pietri,23-3297638
978,Nienow Inc,Blair Biaggioli,00-0670172
979,Ullrich and Sons,Orella Ridulfo,79-6800653
980,O'Keefe-Ernser,Julietta Birdall,56-4958014
981,Weissnat-Bayer,Kristin Carwardine,97-6489771
982,Prosacco and Sons,Carlyle Rotte,77-7310500
983,Boyle Inc,Dominga Bradford,56-3790897
984,Terry LLC,Philbert Northbridge,77-0929974
985,Nicolas-Parisian,Ingmar Restieaux,51-6836164
986,"Paucek, Zboncak and Roob",Ferdie Laverack,33-0078295
987,"Hirthe, Hilll and Prohaska",Carley Crisford,36-7125124
988,Collier-Hudson,Sallyann Gowing,87-0618008
989,Abernathy-Roob,Mattie Vickers,33-4641228
990,Tillman LLC,Gardy Pettican,68-7914740
991,Swaniawski-Lynch,Brook Clopton,58-3933281
992,Johnston-Kshlerin,Jase Shadbolt,12-6534726
993,Nienow and Sons,Nina Grigoliis,44-5972936
994,Ritchie-Sawayn,Mia Stronough,03-1172247
995,Shields-Ankunding,Orv Suggitt,18-6646310
996,Terry-Welch,Zondra Pruce,42-7923679
997,Mills-Tillman,Bret Karpychev,16-9886474
998,Effertz-Medhurst,Lemar Stroban,03-9075693
999,"Ondricka, Ryan and Maggio",Dill Waterfield,46-0101949
1000,Wunsch-Ruecker,Rosalia Netley,64-4043820
