SupplierID,ContactEmail,SupplierName
500000,cwardhough0@dagondesign.com,Runolfsdottir-Aufderhar
500001,dfantonetti1@fotki.com,Funk Inc
500002,ldupre2@flavors.me,Kunde-Welch
500003,ebeautyman3@reference.com,"Goodwin, Flatley and Morissette"
500004,tbreen4@gov.uk,Gulgowski and Sons
500005,mmcgray5@businessinsider.com,Jast-Mertz
500006,asime6@ow.ly,"Beahan, Walker and Koepp"
500007,rforson7@seattletimes.com,Walsh Inc
500008,adeetlefs8@chron.com,Bailey and Sons
500009,adurden9@sourceforge.net,Nader-Wiza
500010,hcasseldinea@disqus.com,Crist-Herman
500011,jgalleb@sphinn.com,Marks and Sons
500012,ueleyc@freewebs.com,Gerlach-Larson
500013,liansond@wordpress.org,Lebsack Inc
500014,habrye@xrea.com,Hane Group
500015,estonnellf@deliciousdays.com,"Abshire, Ruecker and Dach"
500016,jbewlayg@opensource.org,"Mraz, Kreiger and Mitchell"
500017,vcaudleh@macromedia.com,Ondricka-Deckow
500018,jmccarrisoni@ucsd.edu,Glover Group
500019,gcobleyj@reuters.com,"Conroy, Considine and Harber"
500020,adonohuek@vistaprint.com,Dicki LLC
500021,tspirrittl@purevolume.com,"McCullough, Sanford and Koch"
500022,arowthornm@chron.com,"Murray, Reichert and Roberts"
500023,abeedomn@hao123.com,Rosenbaum Group
500024,mkembreyo@statcounter.com,Fritsch-Schultz
500025,zsacklerp@amazon.co.jp,Stanton Group
500026,gcapronq@friendfeed.com,Crist-Predovic
500027,ssillisr@domainmarket.com,Brown-Ziemann
500028,askittless@purevolume.com,"O'Hara, Batz and Koch"
500029,ofancyt@symantec.com,"Bayer, Mraz and Reichert"
500030,smccoidu@weebly.com,Botsford-Streich
500031,ncuttingsv@wiley.com,"Koch, Ryan and Roberts"
500032,mbaldreew@ed.gov,Cremin-O'Connell
500033,gmurtonx@forbes.com,Olson Group
500034,bmccoley@prnewswire.com,Streich LLC
500035,tclutterhamz@engadget.com,"Brekke, Stanton and Rohan"
500036,pburbage10@scientificamerican.com,"Hickle, Larson and Howell"
500037,fburk11@army.mil,"Bashirian, Morar and Kautzer"
500038,mtrotman12@123-reg.co.uk,Okuneva Group
500039,skmicicki13@unblog.fr,"Jacobson, Armstrong and Deckow"
500040,smathivat14@wp.com,Schimmel-Cole
500041,onester15@thetimes.co.uk,Erdman Inc
500042,dklaaasen16@eepurl.com,"Strosin, Hessel and Funk"
500043,ieliot17@booking.com,"Waelchi, Nikolaus and Koch"
500044,jbeardsworth18@stanford.edu,"Beahan, Schaefer and Sipes"
500045,wmcsperron19@sohu.com,Spinka Group
500046,abeardsdale1a@mashable.com,Collier LLC
500047,fgeerling1b@netlog.com,Mante-Schultz
500048,cwittman1c@nyu.edu,DuBuque Group
500049,ppenhalewick1d@who.int,"Kris, Bergnaum and Kautzer"
500050,afarrent1e@livejournal.com,"Nitzsche, Berge and Hirthe"
500051,ehollow1f@altervista.org,Kub-Kreiger
500052,bcornelisse1g@rediff.com,King-Dooley
500053,liacobetto1h@yale.edu,Sawayn-Hirthe
500054,jmarquot1i@alibaba.com,"Rodriguez, Waters and Green"
500055,cyewen1j@mail.ru,"Gerhold, Kuvalis and Schuppe"
500056,gdrillot1k@nature.com,Morar Inc
500057,mopie1l@samsung.com,Parker-Halvorson
500058,smccallister1m@macromedia.com,Watsica-Weimann
500059,savrashin1n@about.com,"Sauer, Stehr and Muller"
500060,cmcrorie1o@hp.com,Heller and Sons
500061,lwarwicker1p@geocities.jp,Hane Group
500062,mlambarth1q@youtube.com,"Hansen, Dach and Langosh"
500063,dcastiglioni1r@admin.ch,Gulgowski and Sons
500064,ddelayglesia1s@nba.com,Littel and Sons
500065,lditter1t@senate.gov,Lockman-Torphy
500066,tbeumant1u@google.pl,Von-Tromp
500067,lhaugen1v@fema.gov,Hirthe Inc
500068,kbampfield1w@51.la,Rowe-Terry
500069,svoyce1x@ucoz.ru,VonRueden LLC
500070,sannion1y@jugem.jp,"Feil, Collins and Bartoletti"
500071,uswinford1z@parallels.com,Crist LLC
500072,schampagne20@youtube.com,Wyman Group
500073,gmartynikhin21@dion.ne.jp,Kuphal and Sons
500074,ldunkirk22@privacy.gov.au,Klein Inc
500075,agladwin23@tiny.cc,Schmidt LLC
500076,scortese24@t-online.de,"Ratke, Stracke and Stracke"
500077,kwylder25@privacy.gov.au,Cruickshank-Koelpin
500078,ldace26@posterous.com,"Reilly, Kerluke and Tromp"
500079,jparadis27@biglobe.ne.jp,Funk Group
500080,wmariyushkin28@free.fr,Kulas-Bednar
500081,bizakson29@intel.com,"Reilly, Renner and Breitenberg"
500082,khertwell2a@hatena.ne.jp,Botsford-Larkin
500083,dchadwyck2b@rediff.com,Upton LLC
500084,cmoroney2c@pinterest.com,Ferry and Sons
500085,amcquillen2d@sina.com.cn,"Herman, O'Keefe and Schimmel"
500086,pforder2e@live.com,"Durgan, Gutmann and Flatley"
500087,dbasinigazzi2f@canalblog.com,Willms Inc
500088,mfonso2g@blogs.com,"Padberg, Glover and Koepp"
500089,esainsberry2h@ed.gov,Erdman and Sons
500090,cwhiley2i@instagram.com,Welch-Towne
500091,bdixon2j@mac.com,Mosciski LLC
500092,babrahamoff2k@forbes.com,Wyman-Gutmann
500093,ccondict2l@taobao.com,"Kuvalis, Kertzmann and Jones"
500094,telia2m@privacy.gov.au,"Olson, Hickle and Bartoletti"
500095,tbotha2n@utexas.edu,Thiel Group
500096,rpitcaithley2o@uol.com.br,"Mante, Greenholt and Kiehn"
500097,ekennealy2p@netscape.com,"Kuvalis, Witting and Wunsch"
500098,etudge2q@adobe.com,"Zemlak, Daugherty and Gutmann"
500099,apitson2r@miitbeian.gov.cn,"Bogisich, Corkery and Gleichner"
500100,tgonnin2s@businesswire.com,"Runte, Hackett and Keebler"
500101,vbretelle2t@soup.io,Hoeger Group
500102,tkeasy2u@cafepress.com,Smith Inc
500103,wferrarone2v@phoca.cz,Cremin Group
500104,smoppett2w@angelfire.com,"Glover, Dare and Abbott"
500105,amalkinson2x@ca.gov,Effertz Group
500106,mboise2y@wiley.com,"Gibson, Doyle and Frami"
500107,jswaisland2z@woothemes.com,"Spencer, Boyer and Kulas"
500108,tabbyss30@parallels.com,Balistreri-Bins
500109,mramsey31@sina.com.cn,Corkery-Schmeler
500110,fker32@foxnews.com,Cassin and Sons
500111,twiddison33@usgs.gov,"Zulauf, Waelchi and Frami"
500112,ahorney34@imageshack.us,Bradtke-Rice
500113,marmand35@un.org,"Herman, Ritchie and Baumbach"
500114,rbernier36@dropbox.com,"Prosacco, Wisozk and Harber"
500115,jhuddart37@rakuten.co.jp,Reichert-Friesen
500116,flanglands38@washingtonpost.com,"Kassulke, Spinka and Kulas"
500117,mstopp39@storify.com,Skiles-Weimann
500118,fsimmell3a@slate.com,"Kautzer, Ritchie and Klein"
500119,ecaldwell3b@tripod.com,Hagenes Inc
500120,kcrinidge3c@hubpages.com,Yundt Group
500121,kwyss3d@apple.com,Kub-Schmitt
500122,wmatches3e@ox.ac.uk,"Mayert, Adams and Green"
500123,cshelton3f@kickstarter.com,Zieme Inc
500124,aprobbings3g@answers.com,Batz Inc
500125,fbrundrett3h@statcounter.com,Swift LLC
500126,smagnar3i@usnews.com,Jacobi-Predovic
500127,mberrill3j@umich.edu,Cremin-Homenick
500128,rmattioni3k@cam.ac.uk,Murphy Inc
500129,ralfuso3l@stumbleupon.com,Morissette and Sons
500130,wgofton3m@usnews.com,"Kozey, Blanda and Hoppe"
500131,rropcke3n@about.me,Stark-Jakubowski
500132,carbuckle3o@bloomberg.com,"Bechtelar, McLaughlin and Walsh"
500133,dwey3p@jugem.jp,"Williamson, Johnston and Schmitt"
500134,jlarkings3q@msn.com,Larkin LLC
500135,dpeschke3r@aol.com,Connelly-Hegmann
500136,phubane3s@ox.ac.uk,"Rodriguez, Balistreri and Friesen"
500137,gpolkinghorne3t@canalblog.com,Lockman-Schamberger
500138,twitham3u@adobe.com,Blanda-Kertzmann
500139,mtarbard3v@ezinearticles.com,Keeling LLC
500140,kliston3w@dedecms.com,Kirlin Inc
500141,dgealle3x@cisco.com,Cummings-Wisoky
500142,givanyushkin3y@opensource.org,Denesik and Sons
500143,bburchett3z@unicef.org,"Wolff, Feeney and Hyatt"
500144,lpontin40@japanpost.jp,Sauer-Murphy
500145,pdelacey41@wsj.com,Donnelly-Douglas
500146,bharrald42@plala.or.jp,Mayer-Pfeffer
500147,pmorshead43@pinterest.com,"Harber, Kihn and Farrell"
500148,clorrimer44@macromedia.com,Koch Inc
500149,mvivien45@newsvine.com,"Olson, Gusikowski and Champlin"
500150,pyukhnov46@feedburner.com,Baumbach-Koch
500151,kblatchford47@list-manage.com,Fisher Inc
500152,ntansill48@dailymail.co.uk,O'Kon-Hoeger
500153,imackison49@vinaora.com,Rice and Sons
500154,jpaskin4a@sphinn.com,Koepp-Miller
500155,dlentsch4b@prlog.org,Mills-Schuster
500156,smchale4c@ovh.net,Grant-Feil
500157,nohanlon4d@miitbeian.gov.cn,"Murazik, Ratke and Medhurst"
500158,oransley4e@pen.io,"Leuschke, Rogahn and Mueller"
500159,mbertson4f@ibm.com,"Wolff, Bruen and Botsford"
500160,ltabbernor4g@nhs.uk,"Jerde, Gislason and Kovacek"
500161,kbezzant4h@dagondesign.com,Abbott-Herman
500162,bquemby4i@blog.com,Rohan and Sons
500163,mbrockbank4j@tripadvisor.com,"McDermott, Wisozk and Kirlin"
500164,dpoizer4k@opera.com,Little-Kreiger
500165,ymccrisken4l@surveymonkey.com,"Konopelski, Gleason and Hermann"
500166,arego4m@1688.com,Bogisich LLC
500167,ryglesia4n@dot.gov,McGlynn-Spinka
500168,hcastanyer4o@ycombinator.com,Simonis-Kuvalis
500169,kprestage4p@plala.or.jp,Wehner and Sons
500170,igrgic4q@digg.com,Schowalter and Sons
500171,eohare4r@g.co,Lockman and Sons
500172,cradsdale4s@over-blog.com,"Haley, Conroy and Morissette"
500173,mbewley4t@newsvine.com,"Hermann, Gusikowski and Douglas"
500174,gleyborne4u@bing.com,"Ullrich, Glover and Bernhard"
500175,gwhiles4v@ucoz.com,Yundt-Raynor
500176,cgoosey4w@army.mil,Krajcik-Bradtke
500177,baldcorne4x@purevolume.com,"Robel, Schamberger and Wunsch"
500178,rabbys4y@ed.gov,Kirlin-Schultz
500179,gjakubovski4z@cnbc.com,Langosh Inc
500180,sbetz50@hostgator.com,"Raynor, Hand and Collier"
500181,jhacaud51@dot.gov,Shields-Langworth
500182,jsilveston52@macromedia.com,"Beier, Koepp and Braun"
500183,imoyers53@nhs.uk,Walter and Sons
500184,lmccuis54@so-net.ne.jp,"Schneider, Emard and Hammes"
500185,aaidler55@prlog.org,Nolan-Kilback
500186,jporrett56@alibaba.com,Kerluke Inc
500187,twickwar57@fda.gov,"Effertz, Monahan and Nicolas"
500188,pmasterson58@geocities.jp,Mitchell LLC
500189,vcousen59@google.ca,Mayer-Altenwerth
500190,pfallawe5a@mtv.com,Hudson LLC
500191,bcallaby5b@liveinternet.ru,"McLaughlin, Runolfsdottir and Goyette"
500192,jorourke5c@seattletimes.com,"Cummings, Parisian and Kessler"
500193,edukelow5d@dailymail.co.uk,Haag-Cartwright
500194,ghadleigh5e@vistaprint.com,Schiller Group
500195,ascoggins5f@dedecms.com,"Jones, Gleichner and Heidenreich"
500196,dlawling5g@newsvine.com,Kuhlman Inc
500197,ppengelly5h@123-reg.co.uk,Vandervort Inc
500198,mpalumbo5i@reuters.com,"Ziemann, Mills and Schmidt"
500199,kderrington5j@deliciousdays.com,Swaniawski-Lynch
500200,ahardwin5k@ask.com,McGlynn-Pacocha
500201,cramirez5l@parallels.com,Weissnat-Brown
500202,doriel5m@pen.io,"Haley, Tillman and Wisozk"
500203,vdeshorts5n@jugem.jp,"Vandervort, Schowalter and Daniel"
500204,lweatherhead5o@booking.com,Daugherty LLC
500205,aheinschke5p@ft.com,"Johnston, Howe and Balistreri"
500206,nstirton5q@reddit.com,Jerde Group
500207,bhallworth5r@dmoz.org,Pfeffer-Bednar
500208,vscoyles5s@netscape.com,"Koelpin, Schaden and Bailey"
500209,ppurkiss5t@dmoz.org,"Barton, Schimmel and Renner"
500210,ezambonini5u@blogger.com,Wuckert-Lynch
500211,cwenderoth5v@psu.edu,Mann-Trantow
500212,cwinspurr5w@bbc.co.uk,Bins Inc
500213,fmassy5x@wired.com,Turcotte and Sons
500214,gposkitt5y@typepad.com,Simonis-Howell
500215,lhryniewicz5z@army.mil,Doyle-Walsh
500216,agrinvalds60@washington.edu,Johns-Harris
500217,dsackler61@weather.com,"Schmidt, Jerde and Rippin"
500218,tvallack62@list-manage.com,"Hane, Lehner and Beier"
500219,cpolak63@opera.com,Sanford Group
500220,mmeins64@usda.gov,"Balistreri, Trantow and Hansen"
500221,kyapp65@hostgator.com,"Simonis, Mann and Sawayn"
500222,ljewise66@va.gov,"Douglas, Kuhlman and Deckow"
500223,vloughan67@instagram.com,Funk and Sons
500224,lguilfoyle68@dmoz.org,McClure Group
500225,nfluck69@yellowbook.com,Robel-Rolfson
500226,csulland6a@dailymotion.com,"Robel, Breitenberg and Hackett"
500227,ecastana6b@nifty.com,Wiegand and Sons
500228,jlycett6c@amazon.co.jp,"Smitham, Ritchie and Becker"
500229,chewlings6d@digg.com,Schneider-Leffler
500230,aeveriss6e@booking.com,"Collins, Schamberger and Cummerata"
500231,sbellinger6f@answers.com,Mills LLC
500232,jstickells6g@php.net,Heidenreich Group
500233,pible6h@yale.edu,"Wehner, Haley and Welch"
500234,ebowcock6i@arizona.edu,Grimes and Sons
500235,alettuce6j@facebook.com,Cassin LLC
500236,dsanham6k@e-recht24.de,"Pfannerstill, Yost and Hodkiewicz"
500237,mmeriel6l@businessweek.com,Fisher LLC
500238,jsenyard6m@mediafire.com,Gislason-Senger
500239,bgristwood6n@dmoz.org,Hudson-Yundt
500240,crizzolo6o@virginia.edu,Haag LLC
500241,slinner6p@mapquest.com,Mitchell-Gorczany
500242,vroofe6q@slashdot.org,Zulauf and Sons
500243,chindrick6r@pagesperso-orange.fr,Runte-Bode
500244,lcopyn6s@gnu.org,"Mertz, Bednar and Howe"
500245,gdrackford6t@biblegateway.com,Erdman-White
500246,jhousby6u@arstechnica.com,"Jast, Hackett and Kunde"
500247,rmapledoore6v@yahoo.co.jp,Tillman and Sons
500248,msurguine6w@jiathis.com,Graham Inc
500249,iburris6x@newyorker.com,Kris and Sons
500250,ygunson6y@noaa.gov,"Stoltenberg, Runolfsdottir and Kulas"
500251,arodway6z@jiathis.com,"Gibson, Kautzer and Fay"
500252,gpeers70@nymag.com,Ziemann-Walter
500253,mrosenfelt71@aol.com,Ferry-Hauck
500254,wharmond72@youtube.com,Hintz-Schowalter
500255,jgubbins73@umich.edu,Buckridge Group
500256,bmaharry74@pen.io,Batz Inc
500257,cweinham75@hatena.ne.jp,Kerluke-Langworth
500258,dletcher76@twitpic.com,Welch-Howe
500259,afellenor77@cmu.edu,"Wehner, Heller and Corwin"
500260,gshillingford78@bandcamp.com,"Quigley, Christiansen and Stanton"
500261,hmcclenan79@deviantart.com,Schiller LLC
500262,tenden7a@indiatimes.com,Gutmann Group
500263,wstuchbery7b@digg.com,"Rohan, Graham and Rosenbaum"
500264,kchinery7c@weather.com,Kerluke-Rau
500265,wnazareth7d@mtv.com,Lebsack-McGlynn
500266,imcmurraya7e@free.fr,Pollich LLC
500267,cstorie7f@istockphoto.com,"Lindgren, Kuphal and Feest"
500268,tpassler7g@dot.gov,Dickinson Group
500269,graveau7h@wordpress.com,Powlowski and Sons
500270,vsleep7i@goo.ne.jp,Monahan Group
500271,rkeyme7j@accuweather.com,"Dickens, Bode and Cummerata"
500272,araraty7k@ox.ac.uk,"Hyatt, Rau and Weber"
500273,rwermerling7l@bizjournals.com,Casper Inc
500274,bpingstone7m@paginegialle.it,"Mayer, Gulgowski and Metz"
500275,shentzeler7n@icio.us,Mohr-Moen
500276,kaguilar7o@reuters.com,"Lowe, Quitzon and Beier"
500277,aroutham7p@booking.com,Keeling and Sons
500278,glamberti7q@vistaprint.com,Howe Inc
500279,sabbots7r@purevolume.com,Bartoletti LLC
500280,bwaples7s@surveymonkey.com,Kunde Group
500281,pkleinhaut7t@vimeo.com,"Bartoletti, Rempel and Rosenbaum"
500282,rwilmut7u@shareasale.com,"Kling, Boyer and Effertz"
500283,ldowthwaite7v@bluehost.com,Moore-Heller
500284,mdeblasiis7w@instagram.com,"Wiegand, Paucek and Feest"
500285,cbarthelme7x@vistaprint.com,Watsica-Metz
500286,cjantzen7y@skyrock.com,Glover-Jacobson
500287,bwoolforde7z@prlog.org,Hermann Group
500288,vladewig80@bloglines.com,"Bode, Cormier and Kub"
500289,jsutlieff81@independent.co.uk,Bruen LLC
500290,rflintoffe82@google.ru,"Kshlerin, Kuhic and Abshire"
500291,dmarland83@feedburner.com,"Witting, Schmidt and Pollich"
500292,ebroune84@pbs.org,Medhurst-Williamson
500293,nleaning85@indiatimes.com,Hermann LLC
500294,joffiler86@mlb.com,Koelpin-MacGyver
500295,mrable87@hubpages.com,Bergstrom Group
500296,nredhouse88@ted.com,"Walter, Becker and Kunde"
500297,slindwasser89@dailymotion.com,Shields-Gulgowski
500298,bdrohane8a@amazon.com,Spencer LLC
500299,sinman8b@un.org,Haag and Sons
